Country_Code,Energy_Carrier,Unit,Year,Price_Scenario,Value
DE,Electricity,€/kWh,2023,Baseline,0.1598
DE,Electricity,€/kWh,2024,Baseline,0.163
DE,Electricity,€/kWh,2025,Baseline,0.1662
DE,Electricity,€/kWh,2026,Baseline,0.1695
DE,Electricity,€/kWh,2027,Baseline,0.1729
DE,Electricity,€/kWh,2028,Baseline,0.1764
DE,Electricity,€/kWh,2029,Baseline,0.1799
DE,Electricity,€/kWh,2030,Baseline,0.1835
DE,Electricity,€/kWh,2031,Baseline,0.1872
DE,Electricity,€/kWh,2032,Baseline,0.1909
DE,Electricity,€/kWh,2033,Baseline,0.1947
DE,Electricity,€/kWh,2034,Baseline,0.1986
DE,Electricity,€/kWh,2035,Baseline,0.2026
DE,Electricity,€/kWh,2036,Baseline,0.2067
DE,Electricity,€/kWh,2037,Baseline,0.2108
DE,Electricity,€/kWh,2038,Baseline,0.215
DE,Electricity,€/kWh,2039,Baseline,0.2193
DE,Electricity,€/kWh,2040,Baseline,0.2237
DE,Electricity,€/kWh,2041,Baseline,0.2282
DE,Electricity,€/kWh,2042,Baseline,0.2327
DE,Electricity,€/kWh,2043,Baseline,0.2374
DE,Electricity,€/kWh,2044,Baseline,0.2421
DE,Electricity,€/kWh,2045,Baseline,0.247
DE,Electricity,€/kWh,2046,Baseline,0.2519
DE,Electricity,€/kWh,2047,Baseline,0.257
DE,Electricity,€/kWh,2048,Baseline,0.2621
DE,Electricity,€/kWh,2049,Baseline,0.2673
DE,Electricity,€/kWh,2050,Baseline,0.2727
DE,Electricity,€/kWh,2023,High Tax,0.193
DE,Electricity,€/kWh,2024,High Tax,0.2008
DE,Electricity,€/kWh,2025,High Tax,0.2088
DE,Electricity,€/kWh,2026,High Tax,0.2171
DE,Electricity,€/kWh,2027,High Tax,0.2258
DE,Electricity,€/kWh,2028,High Tax,0.2349
DE,Electricity,€/kWh,2029,High Tax,0.2443
DE,Electricity,€/kWh,2030,High Tax,0.254
DE,Electricity,€/kWh,2031,High Tax,0.2642
DE,Electricity,€/kWh,2032,High Tax,0.2748
DE,Electricity,€/kWh,2033,High Tax,0.2857
DE,Electricity,€/kWh,2034,High Tax,0.2972
DE,Electricity,€/kWh,2035,High Tax,0.3091
DE,Electricity,€/kWh,2036,High Tax,0.3214
DE,Electricity,€/kWh,2037,High Tax,0.3343
DE,Electricity,€/kWh,2038,High Tax,0.3477
DE,Electricity,€/kWh,2039,High Tax,0.3616
DE,Electricity,€/kWh,2040,High Tax,0.376
DE,Electricity,€/kWh,2041,High Tax,0.3911
DE,Electricity,€/kWh,2042,High Tax,0.4067
DE,Electricity,€/kWh,2043,High Tax,0.423
DE,Electricity,€/kWh,2044,High Tax,0.4399
DE,Electricity,€/kWh,2045,High Tax,0.4575
DE,Electricity,€/kWh,2046,High Tax,0.4758
DE,Electricity,€/kWh,2047,High Tax,0.4948
DE,Electricity,€/kWh,2048,High Tax,0.5146
DE,Electricity,€/kWh,2049,High Tax,0.5352
DE,Electricity,€/kWh,2050,High Tax,0.5566
DE,Electricity,€/kWh,2023,Decarbonized Grid,0.1706
DE,Electricity,€/kWh,2024,Decarbonized Grid,0.1723
DE,Electricity,€/kWh,2025,Decarbonized Grid,0.174
DE,Electricity,€/kWh,2026,Decarbonized Grid,0.1757
DE,Electricity,€/kWh,2027,Decarbonized Grid,0.1775
DE,Electricity,€/kWh,2028,Decarbonized Grid,0.1793
DE,Electricity,€/kWh,2029,Decarbonized Grid,0.181
DE,Electricity,€/kWh,2030,Decarbonized Grid,0.1829
DE,Electricity,€/kWh,2031,Decarbonized Grid,0.1847
DE,Electricity,€/kWh,2032,Decarbonized Grid,0.1865
DE,Electricity,€/kWh,2033,Decarbonized Grid,0.1884
DE,Electricity,€/kWh,2034,Decarbonized Grid,0.1903
DE,Electricity,€/kWh,2035,Decarbonized Grid,0.1922
DE,Electricity,€/kWh,2036,Decarbonized Grid,0.1941
DE,Electricity,€/kWh,2037,Decarbonized Grid,0.196
DE,Electricity,€/kWh,2038,Decarbonized Grid,0.198
DE,Electricity,€/kWh,2039,Decarbonized Grid,0.2
DE,Electricity,€/kWh,2040,Decarbonized Grid,0.202
DE,Electricity,€/kWh,2041,Decarbonized Grid,0.204
DE,Electricity,€/kWh,2042,Decarbonized Grid,0.206
DE,Electricity,€/kWh,2043,Decarbonized Grid,0.2081
DE,Electricity,€/kWh,2044,Decarbonized Grid,0.2102
DE,Electricity,€/kWh,2045,Decarbonized Grid,0.2123
DE,Electricity,€/kWh,2046,Decarbonized Grid,0.2144
DE,Electricity,€/kWh,2047,Decarbonized Grid,0.2166
DE,Electricity,€/kWh,2048,Decarbonized Grid,0.2187
DE,Electricity,€/kWh,2049,Decarbonized Grid,0.2209
DE,Electricity,€/kWh,2050,Decarbonized Grid,0.2231
DE,Natural Gas,€/kWh,2023,Baseline,0.159
DE,Natural Gas,€/kWh,2024,Baseline,0.1622
DE,Natural Gas,€/kWh,2025,Baseline,0.1654
DE,Natural Gas,€/kWh,2026,Baseline,0.1687
DE,Natural Gas,€/kWh,2027,Baseline,0.1721
DE,Natural Gas,€/kWh,2028,Baseline,0.1755
DE,Natural Gas,€/kWh,2029,Baseline,0.179
DE,Natural Gas,€/kWh,2030,Baseline,0.1826
DE,Natural Gas,€/kWh,2031,Baseline,0.1863
DE,Natural Gas,€/kWh,2032,Baseline,0.19
DE,Natural Gas,€/kWh,2033,Baseline,0.1938
DE,Natural Gas,€/kWh,2034,Baseline,0.1977
DE,Natural Gas,€/kWh,2035,Baseline,0.2016
DE,Natural Gas,€/kWh,2036,Baseline,0.2057
DE,Natural Gas,€/kWh,2037,Baseline,0.2098
DE,Natural Gas,€/kWh,2038,Baseline,0.214
DE,Natural Gas,€/kWh,2039,Baseline,0.2182
DE,Natural Gas,€/kWh,2040,Baseline,0.2226
DE,Natural Gas,€/kWh,2041,Baseline,0.2271
DE,Natural Gas,€/kWh,2042,Baseline,0.2316
DE,Natural Gas,€/kWh,2043,Baseline,0.2362
DE,Natural Gas,€/kWh,2044,Baseline,0.241
DE,Natural Gas,€/kWh,2045,Baseline,0.2458
DE,Natural Gas,€/kWh,2046,Baseline,0.2507
DE,Natural Gas,€/kWh,2047,Baseline,0.2557
DE,Natural Gas,€/kWh,2048,Baseline,0.2608
DE,Natural Gas,€/kWh,2049,Baseline,0.266
DE,Natural Gas,€/kWh,2050,Baseline,0.2714
DE,Natural Gas,€/kWh,2023,High Tax,0.1347
DE,Natural Gas,€/kWh,2024,High Tax,0.1401
DE,Natural Gas,€/kWh,2025,High Tax,0.1457
DE,Natural Gas,€/kWh,2026,High Tax,0.1516
DE,Natural Gas,€/kWh,2027,High Tax,0.1576
DE,Natural Gas,€/kWh,2028,High Tax,0.1639
DE,Natural Gas,€/kWh,2029,High Tax,0.1705
DE,Natural Gas,€/kWh,2030,High Tax,0.1773
DE,Natural Gas,€/kWh,2031,High Tax,0.1844
DE,Natural Gas,€/kWh,2032,High Tax,0.1918
DE,Natural Gas,€/kWh,2033,High Tax,0.1994
DE,Natural Gas,€/kWh,2034,High Tax,0.2074
DE,Natural Gas,€/kWh,2035,High Tax,0.2157
DE,Natural Gas,€/kWh,2036,High Tax,0.2243
DE,Natural Gas,€/kWh,2037,High Tax,0.2333
DE,Natural Gas,€/kWh,2038,High Tax,0.2426
DE,Natural Gas,€/kWh,2039,High Tax,0.2523
DE,Natural Gas,€/kWh,2040,High Tax,0.2624
DE,Natural Gas,€/kWh,2041,High Tax,0.2729
DE,Natural Gas,€/kWh,2042,High Tax,0.2839
DE,Natural Gas,€/kWh,2043,High Tax,0.2952
DE,Natural Gas,€/kWh,2044,High Tax,0.307
DE,Natural Gas,€/kWh,2045,High Tax,0.3193
DE,Natural Gas,€/kWh,2046,High Tax,0.3321
DE,Natural Gas,€/kWh,2047,High Tax,0.3454
DE,Natural Gas,€/kWh,2048,High Tax,0.3592
DE,Natural Gas,€/kWh,2049,High Tax,0.3735
DE,Natural Gas,€/kWh,2050,High Tax,0.3885
DE,Natural Gas,€/kWh,2023,Decarbonized Grid,0.1792
DE,Natural Gas,€/kWh,2024,Decarbonized Grid,0.181
DE,Natural Gas,€/kWh,2025,Decarbonized Grid,0.1828
DE,Natural Gas,€/kWh,2026,Decarbonized Grid,0.1846
DE,Natural Gas,€/kWh,2027,Decarbonized Grid,0.1865
DE,Natural Gas,€/kWh,2028,Decarbonized Grid,0.1883
DE,Natural Gas,€/kWh,2029,Decarbonized Grid,0.1902
DE,Natural Gas,€/kWh,2030,Decarbonized Grid,0.1921
DE,Natural Gas,€/kWh,2031,Decarbonized Grid,0.194
DE,Natural Gas,€/kWh,2032,Decarbonized Grid,0.196
DE,Natural Gas,€/kWh,2033,Decarbonized Grid,0.1979
DE,Natural Gas,€/kWh,2034,Decarbonized Grid,0.1999
DE,Natural Gas,€/kWh,2035,Decarbonized Grid,0.2019
DE,Natural Gas,€/kWh,2036,Decarbonized Grid,0.2039
DE,Natural Gas,€/kWh,2037,Decarbonized Grid,0.206
DE,Natural Gas,€/kWh,2038,Decarbonized Grid,0.208
DE,Natural Gas,€/kWh,2039,Decarbonized Grid,0.2101
DE,Natural Gas,€/kWh,2040,Decarbonized Grid,0.2122
DE,Natural Gas,€/kWh,2041,Decarbonized Grid,0.2143
DE,Natural Gas,€/kWh,2042,Decarbonized Grid,0.2165
DE,Natural Gas,€/kWh,2043,Decarbonized Grid,0.2186
DE,Natural Gas,€/kWh,2044,Decarbonized Grid,0.2208
DE,Natural Gas,€/kWh,2045,Decarbonized Grid,0.223
DE,Natural Gas,€/kWh,2046,Decarbonized Grid,0.2253
DE,Natural Gas,€/kWh,2047,Decarbonized Grid,0.2275
DE,Natural Gas,€/kWh,2048,Decarbonized Grid,0.2298
DE,Natural Gas,€/kWh,2049,Decarbonized Grid,0.2321
DE,Natural Gas,€/kWh,2050,Decarbonized Grid,0.2344
DE,Heating Oil,€/kWh,2023,Baseline,0.1375
DE,Heating Oil,€/kWh,2024,Baseline,0.1403
DE,Heating Oil,€/kWh,2025,Baseline,0.1431
DE,Heating Oil,€/kWh,2026,Baseline,0.1459
DE,Heating Oil,€/kWh,2027,Baseline,0.1489
DE,Heating Oil,€/kWh,2028,Baseline,0.1518
DE,Heating Oil,€/kWh,2029,Baseline,0.1549
DE,Heating Oil,€/kWh,2030,Baseline,0.158
DE,Heating Oil,€/kWh,2031,Baseline,0.1611
DE,Heating Oil,€/kWh,2032,Baseline,0.1643
DE,Heating Oil,€/kWh,2033,Baseline,0.1676
DE,Heating Oil,€/kWh,2034,Baseline,0.171
DE,Heating Oil,€/kWh,2035,Baseline,0.1744
DE,Heating Oil,€/kWh,2036,Baseline,0.1779
DE,Heating Oil,€/kWh,2037,Baseline,0.1815
DE,Heating Oil,€/kWh,2038,Baseline,0.1851
DE,Heating Oil,€/kWh,2039,Baseline,0.1888
DE,Heating Oil,€/kWh,2040,Baseline,0.1926
DE,Heating Oil,€/kWh,2041,Baseline,0.1964
DE,Heating Oil,€/kWh,2042,Baseline,0.2003
DE,Heating Oil,€/kWh,2043,Baseline,0.2043
DE,Heating Oil,€/kWh,2044,Baseline,0.2084
DE,Heating Oil,€/kWh,2045,Baseline,0.2126
DE,Heating Oil,€/kWh,2046,Baseline,0.2169
DE,Heating Oil,€/kWh,2047,Baseline,0.2212
DE,Heating Oil,€/kWh,2048,Baseline,0.2256
DE,Heating Oil,€/kWh,2049,Baseline,0.2301
DE,Heating Oil,€/kWh,2050,Baseline,0.2347
DE,Heating Oil,€/kWh,2023,High Tax,0.2284
DE,Heating Oil,€/kWh,2024,High Tax,0.2375
DE,Heating Oil,€/kWh,2025,High Tax,0.247
DE,Heating Oil,€/kWh,2026,High Tax,0.2569
DE,Heating Oil,€/kWh,2027,High Tax,0.2671
DE,Heating Oil,€/kWh,2028,High Tax,0.2778
DE,Heating Oil,€/kWh,2029,High Tax,0.2889
DE,Heating Oil,€/kWh,2030,High Tax,0.3005
DE,Heating Oil,€/kWh,2031,High Tax,0.3125
DE,Heating Oil,€/kWh,2032,High Tax,0.325
DE,Heating Oil,€/kWh,2033,High Tax,0.338
DE,Heating Oil,€/kWh,2034,High Tax,0.3515
DE,Heating Oil,€/kWh,2035,High Tax,0.3656
DE,Heating Oil,€/kWh,2036,High Tax,0.3802
DE,Heating Oil,€/kWh,2037,High Tax,0.3954
DE,Heating Oil,€/kWh,2038,High Tax,0.4113
DE,Heating Oil,€/kWh,2039,High Tax,0.4277
DE,Heating Oil,€/kWh,2040,High Tax,0.4448
DE,Heating Oil,€/kWh,2041,High Tax,0.4626
DE,Heating Oil,€/kWh,2042,High Tax,0.4811
DE,Heating Oil,€/kWh,2043,High Tax,0.5004
DE,Heating Oil,€/kWh,2044,High Tax,0.5204
DE,Heating Oil,€/kWh,2045,High Tax,0.5412
DE,Heating Oil,€/kWh,2046,High Tax,0.5628
DE,Heating Oil,€/kWh,2047,High Tax,0.5853
DE,Heating Oil,€/kWh,2048,High Tax,0.6088
DE,Heating Oil,€/kWh,2049,High Tax,0.6331
DE,Heating Oil,€/kWh,2050,High Tax,0.6584
DE,Heating Oil,€/kWh,2023,Decarbonized Grid,0.2427
DE,Heating Oil,€/kWh,2024,Decarbonized Grid,0.2452
DE,Heating Oil,€/kWh,2025,Decarbonized Grid,0.2476
DE,Heating Oil,€/kWh,2026,Decarbonized Grid,0.2501
DE,Heating Oil,€/kWh,2027,Decarbonized Grid,0.2526
DE,Heating Oil,€/kWh,2028,Decarbonized Grid,0.2551
DE,Heating Oil,€/kWh,2029,Decarbonized Grid,0.2577
DE,Heating Oil,€/kWh,2030,Decarbonized Grid,0.2602
DE,Heating Oil,€/kWh,2031,Decarbonized Grid,0.2628
DE,Heating Oil,€/kWh,2032,Decarbonized Grid,0.2655
DE,Heating Oil,€/kWh,2033,Decarbonized Grid,0.2681
DE,Heating Oil,€/kWh,2034,Decarbonized Grid,0.2708
DE,Heating Oil,€/kWh,2035,Decarbonized Grid,0.2735
DE,Heating Oil,€/kWh,2036,Decarbonized Grid,0.2763
DE,Heating Oil,€/kWh,2037,Decarbonized Grid,0.279
DE,Heating Oil,€/kWh,2038,Decarbonized Grid,0.2818
DE,Heating Oil,€/kWh,2039,Decarbonized Grid,0.2846
DE,Heating Oil,€/kWh,2040,Decarbonized Grid,0.2875
DE,Heating Oil,€/kWh,2041,Decarbonized Grid,0.2903
DE,Heating Oil,€/kWh,2042,Decarbonized Grid,0.2932
DE,Heating Oil,€/kWh,2043,Decarbonized Grid,0.2962
DE,Heating Oil,€/kWh,2044,Decarbonized Grid,0.2991
DE,Heating Oil,€/kWh,2045,Decarbonized Grid,0.3021
DE,Heating Oil,€/kWh,2046,Decarbonized Grid,0.3052
DE,Heating Oil,€/kWh,2047,Decarbonized Grid,0.3082
DE,Heating Oil,€/kWh,2048,Decarbonized Grid,0.3113
DE,Heating Oil,€/kWh,2049,Decarbonized Grid,0.3144
DE,Heating Oil,€/kWh,2050,Decarbonized Grid,0.3175
DE,District Heating,€/kWh,2023,Baseline,0.1267
DE,District Heating,€/kWh,2024,Baseline,0.1292
DE,District Heating,€/kWh,2025,Baseline,0.1318
DE,District Heating,€/kWh,2026,Baseline,0.1344
DE,District Heating,€/kWh,2027,Baseline,0.1371
DE,District Heating,€/kWh,2028,Baseline,0.1399
DE,District Heating,€/kWh,2029,Baseline,0.1427
DE,District Heating,€/kWh,2030,Baseline,0.1455
DE,District Heating,€/kWh,2031,Baseline,0.1484
DE,District Heating,€/kWh,2032,Baseline,0.1514
DE,District Heating,€/kWh,2033,Baseline,0.1544
DE,District Heating,€/kWh,2034,Baseline,0.1575
DE,District Heating,€/kWh,2035,Baseline,0.1607
DE,District Heating,€/kWh,2036,Baseline,0.1639
DE,District Heating,€/kWh,2037,Baseline,0.1672
DE,District Heating,€/kWh,2038,Baseline,0.1705
DE,District Heating,€/kWh,2039,Baseline,0.1739
DE,District Heating,€/kWh,2040,Baseline,0.1774
DE,District Heating,€/kWh,2041,Baseline,0.1809
DE,District Heating,€/kWh,2042,Baseline,0.1846
DE,District Heating,€/kWh,2043,Baseline,0.1883
DE,District Heating,€/kWh,2044,Baseline,0.192
DE,District Heating,€/kWh,2045,Baseline,0.1959
DE,District Heating,€/kWh,2046,Baseline,0.1998
DE,District Heating,€/kWh,2047,Baseline,0.2038
DE,District Heating,€/kWh,2048,Baseline,0.2078
DE,District Heating,€/kWh,2049,Baseline,0.212
DE,District Heating,€/kWh,2050,Baseline,0.2162
DE,District Heating,€/kWh,2023,High Tax,0.2083
DE,District Heating,€/kWh,2024,High Tax,0.2167
DE,District Heating,€/kWh,2025,High Tax,0.2253
DE,District Heating,€/kWh,2026,High Tax,0.2344
DE,District Heating,€/kWh,2027,High Tax,0.2437
DE,District Heating,€/kWh,2028,High Tax,0.2535
DE,District Heating,€/kWh,2029,High Tax,0.2636
DE,District Heating,€/kWh,2030,High Tax,0.2742
DE,District Heating,€/kWh,2031,High Tax,0.2851
DE,District Heating,€/kWh,2032,High Tax,0.2965
DE,District Heating,€/kWh,2033,High Tax,0.3084
DE,District Heating,€/kWh,2034,High Tax,0.3207
DE,District Heating,€/kWh,2035,High Tax,0.3336
DE,District Heating,€/kWh,2036,High Tax,0.3469
DE,District Heating,€/kWh,2037,High Tax,0.3608
DE,District Heating,€/kWh,2038,High Tax,0.3752
DE,District Heating,€/kWh,2039,High Tax,0.3902
DE,District Heating,€/kWh,2040,High Tax,0.4058
DE,District Heating,€/kWh,2041,High Tax,0.4221
DE,District Heating,€/kWh,2042,High Tax,0.439
DE,District Heating,€/kWh,2043,High Tax,0.4565
DE,District Heating,€/kWh,2044,High Tax,0.4748
DE,District Heating,€/kWh,2045,High Tax,0.4938
DE,District Heating,€/kWh,2046,High Tax,0.5135
DE,District Heating,€/kWh,2047,High Tax,0.5341
DE,District Heating,€/kWh,2048,High Tax,0.5554
DE,District Heating,€/kWh,2049,High Tax,0.5776
DE,District Heating,€/kWh,2050,High Tax,0.6007
DE,District Heating,€/kWh,2023,Decarbonized Grid,0.1558
DE,District Heating,€/kWh,2024,Decarbonized Grid,0.1573
DE,District Heating,€/kWh,2025,Decarbonized Grid,0.1589
DE,District Heating,€/kWh,2026,Decarbonized Grid,0.1605
DE,District Heating,€/kWh,2027,Decarbonized Grid,0.1621
DE,District Heating,€/kWh,2028,Decarbonized Grid,0.1637
DE,District Heating,€/kWh,2029,Decarbonized Grid,0.1654
DE,District Heating,€/kWh,2030,Decarbonized Grid,0.167
DE,District Heating,€/kWh,2031,Decarbonized Grid,0.1687
DE,District Heating,€/kWh,2032,Decarbonized Grid,0.1704
DE,District Heating,€/kWh,2033,Decarbonized Grid,0.1721
DE,District Heating,€/kWh,2034,Decarbonized Grid,0.1738
DE,District Heating,€/kWh,2035,Decarbonized Grid,0.1755
DE,District Heating,€/kWh,2036,Decarbonized Grid,0.1773
DE,District Heating,€/kWh,2037,Decarbonized Grid,0.1791
DE,District Heating,€/kWh,2038,Decarbonized Grid,0.1809
DE,District Heating,€/kWh,2039,Decarbonized Grid,0.1827
DE,District Heating,€/kWh,2040,Decarbonized Grid,0.1845
DE,District Heating,€/kWh,2041,Decarbonized Grid,0.1863
DE,District Heating,€/kWh,2042,Decarbonized Grid,0.1882
DE,District Heating,€/kWh,2043,Decarbonized Grid,0.1901
DE,District Heating,€/kWh,2044,Decarbonized Grid,0.192
DE,District Heating,€/kWh,2045,Decarbonized Grid,0.1939
DE,District Heating,€/kWh,2046,Decarbonized Grid,0.1958
DE,District Heating,€/kWh,2047,Decarbonized Grid,0.1978
DE,District Heating,€/kWh,2048,Decarbonized Grid,0.1998
DE,District Heating,€/kWh,2049,Decarbonized Grid,0.2018
DE,District Heating,€/kWh,2050,Decarbonized Grid,0.2038
FR,Electricity,€/kWh,2023,Baseline,0.1636
FR,Electricity,€/kWh,2024,Baseline,0.1669
FR,Electricity,€/kWh,2025,Baseline,0.1702
FR,Electricity,€/kWh,2026,Baseline,0.1736
FR,Electricity,€/kWh,2027,Baseline,0.1771
FR,Electricity,€/kWh,2028,Baseline,0.1806
FR,Electricity,€/kWh,2029,Baseline,0.1843
FR,Electricity,€/kWh,2030,Baseline,0.1879
FR,Electricity,€/kWh,2031,Baseline,0.1917
FR,Electricity,€/kWh,2032,Baseline,0.1955
FR,Electricity,€/kWh,2033,Baseline,0.1994
FR,Electricity,€/kWh,2034,Baseline,0.2034
FR,Electricity,€/kWh,2035,Baseline,0.2075
FR,Electricity,€/kWh,2036,Baseline,0.2116
FR,Electricity,€/kWh,2037,Baseline,0.2159
FR,Electricity,€/kWh,2038,Baseline,0.2202
FR,Electricity,€/kWh,2039,Baseline,0.2246
FR,Electricity,€/kWh,2040,Baseline,0.2291
FR,Electricity,€/kWh,2041,Baseline,0.2337
FR,Electricity,€/kWh,2042,Baseline,0.2383
FR,Electricity,€/kWh,2043,Baseline,0.2431
FR,Electricity,€/kWh,2044,Baseline,0.248
FR,Electricity,€/kWh,2045,Baseline,0.2529
FR,Electricity,€/kWh,2046,Baseline,0.258
FR,Electricity,€/kWh,2047,Baseline,0.2632
FR,Electricity,€/kWh,2048,Baseline,0.2684
FR,Electricity,€/kWh,2049,Baseline,0.2738
FR,Electricity,€/kWh,2050,Baseline,0.2793
FR,Electricity,€/kWh,2023,High Tax,0.2351
FR,Electricity,€/kWh,2024,High Tax,0.2445
FR,Electricity,€/kWh,2025,High Tax,0.2543
FR,Electricity,€/kWh,2026,High Tax,0.2645
FR,Electricity,€/kWh,2027,High Tax,0.2751
FR,Electricity,€/kWh,2028,High Tax,0.2861
FR,Electricity,€/kWh,2029,High Tax,0.2975
FR,Electricity,€/kWh,2030,High Tax,0.3094
FR,Electricity,€/kWh,2031,High Tax,0.3218
FR,Electricity,€/kWh,2032,High Tax,0.3346
FR,Electricity,€/kWh,2033,High Tax,0.348
FR,Electricity,€/kWh,2034,High Tax,0.362
FR,Electricity,€/kWh,2035,High Tax,0.3764
FR,Electricity,€/kWh,2036,High Tax,0.3915
FR,Electricity,€/kWh,2037,High Tax,0.4072
FR,Electricity,€/kWh,2038,High Tax,0.4234
FR,Electricity,€/kWh,2039,High Tax,0.4404
FR,Electricity,€/kWh,2040,High Tax,0.458
FR,Electricity,€/kWh,2041,High Tax,0.4763
FR,Electricity,€/kWh,2042,High Tax,0.4954
FR,Electricity,€/kWh,2043,High Tax,0.5152
FR,Electricity,€/kWh,2044,High Tax,0.5358
FR,Electricity,€/kWh,2045,High Tax,0.5572
FR,Electricity,€/kWh,2046,High Tax,0.5795
FR,Electricity,€/kWh,2047,High Tax,0.6027
FR,Electricity,€/kWh,2048,High Tax,0.6268
FR,Electricity,€/kWh,2049,High Tax,0.6519
FR,Electricity,€/kWh,2050,High Tax,0.6779
FR,Electricity,€/kWh,2023,Decarbonized Grid,0.0642
FR,Electricity,€/kWh,2024,Decarbonized Grid,0.0648
FR,Electricity,€/kWh,2025,Decarbonized Grid,0.0655
FR,Electricity,€/kWh,2026,Decarbonized Grid,0.0662
FR,Electricity,€/kWh,2027,Decarbonized Grid,0.0668
FR,Electricity,€/kWh,2028,Decarbonized Grid,0.0675
FR,Electricity,€/kWh,2029,Decarbonized Grid,0.0682
FR,Electricity,€/kWh,2030,Decarbonized Grid,0.0688
FR,Electricity,€/kWh,2031,Decarbonized Grid,0.0695
FR,Electricity,€/kWh,2032,Decarbonized Grid,0.0702
FR,Electricity,€/kWh,2033,Decarbonized Grid,0.0709
FR,Electricity,€/kWh,2034,Decarbonized Grid,0.0716
FR,Electricity,€/kWh,2035,Decarbonized Grid,0.0724
FR,Electricity,€/kWh,2036,Decarbonized Grid,0.0731
FR,Electricity,€/kWh,2037,Decarbonized Grid,0.0738
FR,Electricity,€/kWh,2038,Decarbonized Grid,0.0745
FR,Electricity,€/kWh,2039,Decarbonized Grid,0.0753
FR,Electricity,€/kWh,2040,Decarbonized Grid,0.076
FR,Electricity,€/kWh,2041,Decarbonized Grid,0.0768
FR,Electricity,€/kWh,2042,Decarbonized Grid,0.0776
FR,Electricity,€/kWh,2043,Decarbonized Grid,0.0783
FR,Electricity,€/kWh,2044,Decarbonized Grid,0.0791
FR,Electricity,€/kWh,2045,Decarbonized Grid,0.0799
FR,Electricity,€/kWh,2046,Decarbonized Grid,0.0807
FR,Electricity,€/kWh,2047,Decarbonized Grid,0.0815
FR,Electricity,€/kWh,2048,Decarbonized Grid,0.0823
FR,Electricity,€/kWh,2049,Decarbonized Grid,0.0832
FR,Electricity,€/kWh,2050,Decarbonized Grid,0.084
FR,Natural Gas,€/kWh,2023,Baseline,0.0674
FR,Natural Gas,€/kWh,2024,Baseline,0.0688
FR,Natural Gas,€/kWh,2025,Baseline,0.0701
FR,Natural Gas,€/kWh,2026,Baseline,0.0716
FR,Natural Gas,€/kWh,2027,Baseline,0.073
FR,Natural Gas,€/kWh,2028,Baseline,0.0744
FR,Natural Gas,€/kWh,2029,Baseline,0.0759
FR,Natural Gas,€/kWh,2030,Baseline,0.0775
FR,Natural Gas,€/kWh,2031,Baseline,0.079
FR,Natural Gas,€/kWh,2032,Baseline,0.0806
FR,Natural Gas,€/kWh,2033,Baseline,0.0822
FR,Natural Gas,€/kWh,2034,Baseline,0.0838
FR,Natural Gas,€/kWh,2035,Baseline,0.0855
FR,Natural Gas,€/kWh,2036,Baseline,0.0872
FR,Natural Gas,€/kWh,2037,Baseline,0.089
FR,Natural Gas,€/kWh,2038,Baseline,0.0907
FR,Natural Gas,€/kWh,2039,Baseline,0.0926
FR,Natural Gas,€/kWh,2040,Baseline,0.0944
FR,Natural Gas,€/kWh,2041,Baseline,0.0963
FR,Natural Gas,€/kWh,2042,Baseline,0.0982
FR,Natural Gas,€/kWh,2043,Baseline,0.1002
FR,Natural Gas,€/kWh,2044,Baseline,0.1022
FR,Natural Gas,€/kWh,2045,Baseline,0.1042
FR,Natural Gas,€/kWh,2046,Baseline,0.1063
FR,Natural Gas,€/kWh,2047,Baseline,0.1085
FR,Natural Gas,€/kWh,2048,Baseline,0.1106
FR,Natural Gas,€/kWh,2049,Baseline,0.1128
FR,Natural Gas,€/kWh,2050,Baseline,0.1151
FR,Natural Gas,€/kWh,2023,High Tax,0.054
FR,Natural Gas,€/kWh,2024,High Tax,0.0562
FR,Natural Gas,€/kWh,2025,High Tax,0.0585
FR,Natural Gas,€/kWh,2026,High Tax,0.0608
FR,Natural Gas,€/kWh,2027,High Tax,0.0632
FR,Natural Gas,€/kWh,2028,High Tax,0.0658
FR,Natural Gas,€/kWh,2029,High Tax,0.0684
FR,Natural Gas,€/kWh,2030,High Tax,0.0711
FR,Natural Gas,€/kWh,2031,High Tax,0.074
FR,Natural Gas,€/kWh,2032,High Tax,0.0769
FR,Natural Gas,€/kWh,2033,High Tax,0.08
FR,Natural Gas,€/kWh,2034,High Tax,0.0832
FR,Natural Gas,€/kWh,2035,High Tax,0.0865
FR,Natural Gas,€/kWh,2036,High Tax,0.09
FR,Natural Gas,€/kWh,2037,High Tax,0.0936
FR,Natural Gas,€/kWh,2038,High Tax,0.0973
FR,Natural Gas,€/kWh,2039,High Tax,0.1012
FR,Natural Gas,€/kWh,2040,High Tax,0.1053
FR,Natural Gas,€/kWh,2041,High Tax,0.1095
FR,Natural Gas,€/kWh,2042,High Tax,0.1139
FR,Natural Gas,€/kWh,2043,High Tax,0.1184
FR,Natural Gas,€/kWh,2044,High Tax,0.1232
FR,Natural Gas,€/kWh,2045,High Tax,0.1281
FR,Natural Gas,€/kWh,2046,High Tax,0.1332
FR,Natural Gas,€/kWh,2047,High Tax,0.1385
FR,Natural Gas,€/kWh,2048,High Tax,0.1441
FR,Natural Gas,€/kWh,2049,High Tax,0.1498
FR,Natural Gas,€/kWh,2050,High Tax,0.1558
FR,Natural Gas,€/kWh,2023,Decarbonized Grid,0.2165
FR,Natural Gas,€/kWh,2024,Decarbonized Grid,0.2187
FR,Natural Gas,€/kWh,2025,Decarbonized Grid,0.2209
FR,Natural Gas,€/kWh,2026,Decarbonized Grid,0.2231
FR,Natural Gas,€/kWh,2027,Decarbonized Grid,0.2253
FR,Natural Gas,€/kWh,2028,Decarbonized Grid,0.2276
FR,Natural Gas,€/kWh,2029,Decarbonized Grid,0.2298
FR,Natural Gas,€/kWh,2030,Decarbonized Grid,0.2321
FR,Natural Gas,€/kWh,2031,Decarbonized Grid,0.2345
FR,Natural Gas,€/kWh,2032,Decarbonized Grid,0.2368
FR,Natural Gas,€/kWh,2033,Decarbonized Grid,0.2392
FR,Natural Gas,€/kWh,2034,Decarbonized Grid,0.2416
FR,Natural Gas,€/kWh,2035,Decarbonized Grid,0.244
FR,Natural Gas,€/kWh,2036,Decarbonized Grid,0.2464
FR,Natural Gas,€/kWh,2037,Decarbonized Grid,0.2489
FR,Natural Gas,€/kWh,2038,Decarbonized Grid,0.2514
FR,Natural Gas,€/kWh,2039,Decarbonized Grid,0.2539
FR,Natural Gas,€/kWh,2040,Decarbonized Grid,0.2564
FR,Natural Gas,€/kWh,2041,Decarbonized Grid,0.259
FR,Natural Gas,€/kWh,2042,Decarbonized Grid,0.2616
FR,Natural Gas,€/kWh,2043,Decarbonized Grid,0.2642
FR,Natural Gas,€/kWh,2044,Decarbonized Grid,0.2668
FR,Natural Gas,€/kWh,2045,Decarbonized Grid,0.2695
FR,Natural Gas,€/kWh,2046,Decarbonized Grid,0.2722
FR,Natural Gas,€/kWh,2047,Decarbonized Grid,0.2749
FR,Natural Gas,€/kWh,2048,Decarbonized Grid,0.2777
FR,Natural Gas,€/kWh,2049,Decarbonized Grid,0.2805
FR,Natural Gas,€/kWh,2050,Decarbonized Grid,0.2833
FR,Heating Oil,€/kWh,2023,Baseline,0.2056
FR,Heating Oil,€/kWh,2024,Baseline,0.2097
FR,Heating Oil,€/kWh,2025,Baseline,0.2139
FR,Heating Oil,€/kWh,2026,Baseline,0.2182
FR,Heating Oil,€/kWh,2027,Baseline,0.2226
FR,Heating Oil,€/kWh,2028,Baseline,0.227
FR,Heating Oil,€/kWh,2029,Baseline,0.2316
FR,Heating Oil,€/kWh,2030,Baseline,0.2362
FR,Heating Oil,€/kWh,2031,Baseline,0.2409
FR,Heating Oil,€/kWh,2032,Baseline,0.2457
FR,Heating Oil,€/kWh,2033,Baseline,0.2507
FR,Heating Oil,€/kWh,2034,Baseline,0.2557
FR,Heating Oil,€/kWh,2035,Baseline,0.2608
FR,Heating Oil,€/kWh,2036,Baseline,0.266
FR,Heating Oil,€/kWh,2037,Baseline,0.2713
FR,Heating Oil,€/kWh,2038,Baseline,0.2768
FR,Heating Oil,€/kWh,2039,Baseline,0.2823
FR,Heating Oil,€/kWh,2040,Baseline,0.2879
FR,Heating Oil,€/kWh,2041,Baseline,0.2937
FR,Heating Oil,€/kWh,2042,Baseline,0.2996
FR,Heating Oil,€/kWh,2043,Baseline,0.3056
FR,Heating Oil,€/kWh,2044,Baseline,0.3117
FR,Heating Oil,€/kWh,2045,Baseline,0.3179
FR,Heating Oil,€/kWh,2046,Baseline,0.3243
FR,Heating Oil,€/kWh,2047,Baseline,0.3307
FR,Heating Oil,€/kWh,2048,Baseline,0.3374
FR,Heating Oil,€/kWh,2049,Baseline,0.3441
FR,Heating Oil,€/kWh,2050,Baseline,0.351
FR,Heating Oil,€/kWh,2023,High Tax,0.224
FR,Heating Oil,€/kWh,2024,High Tax,0.233
FR,Heating Oil,€/kWh,2025,High Tax,0.2423
FR,Heating Oil,€/kWh,2026,High Tax,0.252
FR,Heating Oil,€/kWh,2027,High Tax,0.2621
FR,Heating Oil,€/kWh,2028,High Tax,0.2725
FR,Heating Oil,€/kWh,2029,High Tax,0.2834
FR,Heating Oil,€/kWh,2030,High Tax,0.2948
FR,Heating Oil,€/kWh,2031,High Tax,0.3066
FR,Heating Oil,€/kWh,2032,High Tax,0.3188
FR,Heating Oil,€/kWh,2033,High Tax,0.3316
FR,Heating Oil,€/kWh,2034,High Tax,0.3448
FR,Heating Oil,€/kWh,2035,High Tax,0.3586
FR,Heating Oil,€/kWh,2036,High Tax,0.373
FR,Heating Oil,€/kWh,2037,High Tax,0.3879
FR,Heating Oil,€/kWh,2038,High Tax,0.4034
FR,Heating Oil,€/kWh,2039,High Tax,0.4196
FR,Heating Oil,€/kWh,2040,High Tax,0.4363
FR,Heating Oil,€/kWh,2041,High Tax,0.4538
FR,Heating Oil,€/kWh,2042,High Tax,0.4719
FR,Heating Oil,€/kWh,2043,High Tax,0.4908
FR,Heating Oil,€/kWh,2044,High Tax,0.5104
FR,Heating Oil,€/kWh,2045,High Tax,0.5309
FR,Heating Oil,€/kWh,2046,High Tax,0.5521
FR,Heating Oil,€/kWh,2047,High Tax,0.5742
FR,Heating Oil,€/kWh,2048,High Tax,0.5972
FR,Heating Oil,€/kWh,2049,High Tax,0.621
FR,Heating Oil,€/kWh,2050,High Tax,0.6459
FR,Heating Oil,€/kWh,2023,Decarbonized Grid,0.2457
FR,Heating Oil,€/kWh,2024,Decarbonized Grid,0.2482
FR,Heating Oil,€/kWh,2025,Decarbonized Grid,0.2507
FR,Heating Oil,€/kWh,2026,Decarbonized Grid,0.2532
FR,Heating Oil,€/kWh,2027,Decarbonized Grid,0.2557
FR,Heating Oil,€/kWh,2028,Decarbonized Grid,0.2583
FR,Heating Oil,€/kWh,2029,Decarbonized Grid,0.2608
FR,Heating Oil,€/kWh,2030,Decarbonized Grid,0.2634
FR,Heating Oil,€/kWh,2031,Decarbonized Grid,0.2661
FR,Heating Oil,€/kWh,2032,Decarbonized Grid,0.2687
FR,Heating Oil,€/kWh,2033,Decarbonized Grid,0.2714
FR,Heating Oil,€/kWh,2034,Decarbonized Grid,0.2741
FR,Heating Oil,€/kWh,2035,Decarbonized Grid,0.2769
FR,Heating Oil,€/kWh,2036,Decarbonized Grid,0.2797
FR,Heating Oil,€/kWh,2037,Decarbonized Grid,0.2825
FR,Heating Oil,€/kWh,2038,Decarbonized Grid,0.2853
FR,Heating Oil,€/kWh,2039,Decarbonized Grid,0.2881
FR,Heating Oil,€/kWh,2040,Decarbonized Grid,0.291
FR,Heating Oil,€/kWh,2041,Decarbonized Grid,0.2939
FR,Heating Oil,€/kWh,2042,Decarbonized Grid,0.2969
FR,Heating Oil,€/kWh,2043,Decarbonized Grid,0.2998
FR,Heating Oil,€/kWh,2044,Decarbonized Grid,0.3028
FR,Heating Oil,€/kWh,2045,Decarbonized Grid,0.3059
FR,Heating Oil,€/kWh,2046,Decarbonized Grid,0.3089
FR,Heating Oil,€/kWh,2047,Decarbonized Grid,0.312
FR,Heating Oil,€/kWh,2048,Decarbonized Grid,0.3151
FR,Heating Oil,€/kWh,2049,Decarbonized Grid,0.3183
FR,Heating Oil,€/kWh,2050,Decarbonized Grid,0.3215
FR,District Heating,€/kWh,2023,Baseline,0.2098
FR,District Heating,€/kWh,2024,Baseline,0.214
FR,District Heating,€/kWh,2025,Baseline,0.2183
FR,District Heating,€/kWh,2026,Baseline,0.2227
FR,District Heating,€/kWh,2027,Baseline,0.2271
FR,District Heating,€/kWh,2028,Baseline,0.2317
FR,District Heating,€/kWh,2029,Baseline,0.2363
FR,District Heating,€/kWh,2030,Baseline,0.241
FR,District Heating,€/kWh,2031,Baseline,0.2459
FR,District Heating,€/kWh,2032,Baseline,0.2508
FR,District Heating,€/kWh,2033,Baseline,0.2558
FR,District Heating,€/kWh,2034,Baseline,0.2609
FR,District Heating,€/kWh,2035,Baseline,0.2661
FR,District Heating,€/kWh,2036,Baseline,0.2714
FR,District Heating,€/kWh,2037,Baseline,0.2769
FR,District Heating,€/kWh,2038,Baseline,0.2824
FR,District Heating,€/kWh,2039,Baseline,0.2881
FR,District Heating,€/kWh,2040,Baseline,0.2938
FR,District Heating,€/kWh,2041,Baseline,0.2997
FR,District Heating,€/kWh,2042,Baseline,0.3057
FR,District Heating,€/kWh,2043,Baseline,0.3118
FR,District Heating,€/kWh,2044,Baseline,0.318
FR,District Heating,€/kWh,2045,Baseline,0.3244
FR,District Heating,€/kWh,2046,Baseline,0.3309
FR,District Heating,€/kWh,2047,Baseline,0.3375
FR,District Heating,€/kWh,2048,Baseline,0.3443
FR,District Heating,€/kWh,2049,Baseline,0.3511
FR,District Heating,€/kWh,2050,Baseline,0.3582
FR,District Heating,€/kWh,2023,High Tax,0.1423
FR,District Heating,€/kWh,2024,High Tax,0.148
FR,District Heating,€/kWh,2025,High Tax,0.1539
FR,District Heating,€/kWh,2026,High Tax,0.1601
FR,District Heating,€/kWh,2027,High Tax,0.1665
FR,District Heating,€/kWh,2028,High Tax,0.1731
FR,District Heating,€/kWh,2029,High Tax,0.18
FR,District Heating,€/kWh,2030,High Tax,0.1873
FR,District Heating,€/kWh,2031,High Tax,0.1947
FR,District Heating,€/kWh,2032,High Tax,0.2025
FR,District Heating,€/kWh,2033,High Tax,0.2106
FR,District Heating,€/kWh,2034,High Tax,0.2191
FR,District Heating,€/kWh,2035,High Tax,0.2278
FR,District Heating,€/kWh,2036,High Tax,0.2369
FR,District Heating,€/kWh,2037,High Tax,0.2464
FR,District Heating,€/kWh,2038,High Tax,0.2563
FR,District Heating,€/kWh,2039,High Tax,0.2665
FR,District Heating,€/kWh,2040,High Tax,0.2772
FR,District Heating,€/kWh,2041,High Tax,0.2883
FR,District Heating,€/kWh,2042,High Tax,0.2998
FR,District Heating,€/kWh,2043,High Tax,0.3118
FR,District Heating,€/kWh,2044,High Tax,0.3243
FR,District Heating,€/kWh,2045,High Tax,0.3372
FR,District Heating,€/kWh,2046,High Tax,0.3507
FR,District Heating,€/kWh,2047,High Tax,0.3647
FR,District Heating,€/kWh,2048,High Tax,0.3793
FR,District Heating,€/kWh,2049,High Tax,0.3945
FR,District Heating,€/kWh,2050,High Tax,0.4103
FR,District Heating,€/kWh,2023,Decarbonized Grid,0.2061
FR,District Heating,€/kWh,2024,Decarbonized Grid,0.2082
FR,District Heating,€/kWh,2025,Decarbonized Grid,0.2102
FR,District Heating,€/kWh,2026,Decarbonized Grid,0.2124
FR,District Heating,€/kWh,2027,Decarbonized Grid,0.2145
FR,District Heating,€/kWh,2028,Decarbonized Grid,0.2166
FR,District Heating,€/kWh,2029,Decarbonized Grid,0.2188
FR,District Heating,€/kWh,2030,Decarbonized Grid,0.221
FR,District Heating,€/kWh,2031,Decarbonized Grid,0.2232
FR,District Heating,€/kWh,2032,Decarbonized Grid,0.2254
FR,District Heating,€/kWh,2033,Decarbonized Grid,0.2277
FR,District Heating,€/kWh,2034,Decarbonized Grid,0.2299
FR,District Heating,€/kWh,2035,Decarbonized Grid,0.2322
FR,District Heating,€/kWh,2036,Decarbonized Grid,0.2346
FR,District Heating,€/kWh,2037,Decarbonized Grid,0.2369
FR,District Heating,€/kWh,2038,Decarbonized Grid,0.2393
FR,District Heating,€/kWh,2039,Decarbonized Grid,0.2417
FR,District Heating,€/kWh,2040,Decarbonized Grid,0.2441
FR,District Heating,€/kWh,2041,Decarbonized Grid,0.2465
FR,District Heating,€/kWh,2042,Decarbonized Grid,0.249
FR,District Heating,€/kWh,2043,Decarbonized Grid,0.2515
FR,District Heating,€/kWh,2044,Decarbonized Grid,0.254
FR,District Heating,€/kWh,2045,Decarbonized Grid,0.2565
FR,District Heating,€/kWh,2046,Decarbonized Grid,0.2591
FR,District Heating,€/kWh,2047,Decarbonized Grid,0.2617
FR,District Heating,€/kWh,2048,Decarbonized Grid,0.2643
FR,District Heating,€/kWh,2049,Decarbonized Grid,0.267
FR,District Heating,€/kWh,2050,Decarbonized Grid,0.2696
ES,Electricity,€/kWh,2023,Baseline,0.0737
ES,Electricity,€/kWh,2024,Baseline,0.0751
ES,Electricity,€/kWh,2025,Baseline,0.0766
ES,Electricity,€/kWh,2026,Baseline,0.0782
ES,Electricity,€/kWh,2027,Baseline,0.0797
ES,Electricity,€/kWh,2028,Baseline,0.0813
ES,Electricity,€/kWh,2029,Baseline,0.0829
ES,Electricity,€/kWh,2030,Baseline,0.0846
ES,Electricity,€/kWh,2031,Baseline,0.0863
ES,Electricity,€/kWh,2032,Baseline,0.088
ES,Electricity,€/kWh,2033,Baseline,0.0898
ES,Electricity,€/kWh,2034,Baseline,0.0916
ES,Electricity,€/kWh,2035,Baseline,0.0934
ES,Electricity,€/kWh,2036,Baseline,0.0953
ES,Electricity,€/kWh,2037,Baseline,0.0972
ES,Electricity,€/kWh,2038,Baseline,0.0991
ES,Electricity,€/kWh,2039,Baseline,0.1011
ES,Electricity,€/kWh,2040,Baseline,0.1031
ES,Electricity,€/kWh,2041,Baseline,0.1052
ES,Electricity,€/kWh,2042,Baseline,0.1073
ES,Electricity,€/kWh,2043,Baseline,0.1094
ES,Electricity,€/kWh,2044,Baseline,0.1116
ES,Electricity,€/kWh,2045,Baseline,0.1139
ES,Electricity,€/kWh,2046,Baseline,0.1161
ES,Electricity,€/kWh,2047,Baseline,0.1185
ES,Electricity,€/kWh,2048,Baseline,0.1208
ES,Electricity,€/kWh,2049,Baseline,0.1233
ES,Electricity,€/kWh,2050,Baseline,0.1257
ES,Electricity,€/kWh,2023,High Tax,0.178
ES,Electricity,€/kWh,2024,High Tax,0.1851
ES,Electricity,€/kWh,2025,High Tax,0.1925
ES,Electricity,€/kWh,2026,High Tax,0.2002
ES,Electricity,€/kWh,2027,High Tax,0.2082
ES,Electricity,€/kWh,2028,High Tax,0.2165
ES,Electricity,€/kWh,2029,High Tax,0.2252
ES,Electricity,€/kWh,2030,High Tax,0.2342
ES,Electricity,€/kWh,2031,High Tax,0.2436
ES,Electricity,€/kWh,2032,High Tax,0.2533
ES,Electricity,€/kWh,2033,High Tax,0.2635
ES,Electricity,€/kWh,2034,High Tax,0.274
ES,Electricity,€/kWh,2035,High Tax,0.285
ES,Electricity,€/kWh,2036,High Tax,0.2964
ES,Electricity,€/kWh,2037,High Tax,0.3082
ES,Electricity,€/kWh,2038,High Tax,0.3205
ES,Electricity,€/kWh,2039,High Tax,0.3334
ES,Electricity,€/kWh,2040,High Tax,0.3467
ES,Electricity,€/kWh,2041,High Tax,0.3606
ES,Electricity,€/kWh,2042,High Tax,0.375
ES,Electricity,€/kWh,2043,High Tax,0.39
ES,Electricity,€/kWh,2044,High Tax,0.4056
ES,Electricity,€/kWh,2045,High Tax,0.4218
ES,Electricity,€/kWh,2046,High Tax,0.4387
ES,Electricity,€/kWh,2047,High Tax,0.4562
ES,Electricity,€/kWh,2048,High Tax,0.4745
ES,Electricity,€/kWh,2049,High Tax,0.4935
ES,Electricity,€/kWh,2050,High Tax,0.5132
ES,Electricity,€/kWh,2023,Decarbonized Grid,0.0787
ES,Electricity,€/kWh,2024,Decarbonized Grid,0.0795
ES,Electricity,€/kWh,2025,Decarbonized Grid,0.0803
ES,Electricity,€/kWh,2026,Decarbonized Grid,0.0811
ES,Electricity,€/kWh,2027,Decarbonized Grid,0.0819
ES,Electricity,€/kWh,2028,Decarbonized Grid,0.0827
ES,Electricity,€/kWh,2029,Decarbonized Grid,0.0835
ES,Electricity,€/kWh,2030,Decarbonized Grid,0.0843
ES,Electricity,€/kWh,2031,Decarbonized Grid,0.0852
ES,Electricity,€/kWh,2032,Decarbonized Grid,0.086
ES,Electricity,€/kWh,2033,Decarbonized Grid,0.0869
ES,Electricity,€/kWh,2034,Decarbonized Grid,0.0878
ES,Electricity,€/kWh,2035,Decarbonized Grid,0.0886
ES,Electricity,€/kWh,2036,Decarbonized Grid,0.0895
ES,Electricity,€/kWh,2037,Decarbonized Grid,0.0904
ES,Electricity,€/kWh,2038,Decarbonized Grid,0.0913
ES,Electricity,€/kWh,2039,Decarbonized Grid,0.0922
ES,Electricity,€/kWh,2040,Decarbonized Grid,0.0932
ES,Electricity,€/kWh,2041,Decarbonized Grid,0.0941
ES,Electricity,€/kWh,2042,Decarbonized Grid,0.095
ES,Electricity,€/kWh,2043,Decarbonized Grid,0.096
ES,Electricity,€/kWh,2044,Decarbonized Grid,0.097
ES,Electricity,€/kWh,2045,Decarbonized Grid,0.0979
ES,Electricity,€/kWh,2046,Decarbonized Grid,0.0989
ES,Electricity,€/kWh,2047,Decarbonized Grid,0.0999
ES,Electricity,€/kWh,2048,Decarbonized Grid,0.1009
ES,Electricity,€/kWh,2049,Decarbonized Grid,0.1019
ES,Electricity,€/kWh,2050,Decarbonized Grid,0.1029
ES,Natural Gas,€/kWh,2023,Baseline,0.2389
ES,Natural Gas,€/kWh,2024,Baseline,0.2437
ES,Natural Gas,€/kWh,2025,Baseline,0.2486
ES,Natural Gas,€/kWh,2026,Baseline,0.2536
ES,Natural Gas,€/kWh,2027,Baseline,0.2586
ES,Natural Gas,€/kWh,2028,Baseline,0.2638
ES,Natural Gas,€/kWh,2029,Baseline,0.2691
ES,Natural Gas,€/kWh,2030,Baseline,0.2745
ES,Natural Gas,€/kWh,2031,Baseline,0.2799
ES,Natural Gas,€/kWh,2032,Baseline,0.2855
ES,Natural Gas,€/kWh,2033,Baseline,0.2913
ES,Natural Gas,€/kWh,2034,Baseline,0.2971
ES,Natural Gas,€/kWh,2035,Baseline,0.303
ES,Natural Gas,€/kWh,2036,Baseline,0.3091
ES,Natural Gas,€/kWh,2037,Baseline,0.3153
ES,Natural Gas,€/kWh,2038,Baseline,0.3216
ES,Natural Gas,€/kWh,2039,Baseline,0.328
ES,Natural Gas,€/kWh,2040,Baseline,0.3346
ES,Natural Gas,€/kWh,2041,Baseline,0.3413
ES,Natural Gas,€/kWh,2042,Baseline,0.3481
ES,Natural Gas,€/kWh,2043,Baseline,0.355
ES,Natural Gas,€/kWh,2044,Baseline,0.3621
ES,Natural Gas,€/kWh,2045,Baseline,0.3694
ES,Natural Gas,€/kWh,2046,Baseline,0.3768
ES,Natural Gas,€/kWh,2047,Baseline,0.3843
ES,Natural Gas,€/kWh,2048,Baseline,0.392
ES,Natural Gas,€/kWh,2049,Baseline,0.3998
ES,Natural Gas,€/kWh,2050,Baseline,0.4078
ES,Natural Gas,€/kWh,2023,High Tax,0.1544
ES,Natural Gas,€/kWh,2024,High Tax,0.1605
ES,Natural Gas,€/kWh,2025,High Tax,0.167
ES,Natural Gas,€/kWh,2026,High Tax,0.1736
ES,Natural Gas,€/kWh,2027,High Tax,0.1806
ES,Natural Gas,€/kWh,2028,High Tax,0.1878
ES,Natural Gas,€/kWh,2029,High Tax,0.1953
ES,Natural Gas,€/kWh,2030,High Tax,0.2031
ES,Natural Gas,€/kWh,2031,High Tax,0.2113
ES,Natural Gas,€/kWh,2032,High Tax,0.2197
ES,Natural Gas,€/kWh,2033,High Tax,0.2285
ES,Natural Gas,€/kWh,2034,High Tax,0.2376
ES,Natural Gas,€/kWh,2035,High Tax,0.2472
ES,Natural Gas,€/kWh,2036,High Tax,0.257
ES,Natural Gas,€/kWh,2037,High Tax,0.2673
ES,Natural Gas,€/kWh,2038,High Tax,0.278
ES,Natural Gas,€/kWh,2039,High Tax,0.2891
ES,Natural Gas,€/kWh,2040,High Tax,0.3007
ES,Natural Gas,€/kWh,2041,High Tax,0.3127
ES,Natural Gas,€/kWh,2042,High Tax,0.3252
ES,Natural Gas,€/kWh,2043,High Tax,0.3382
ES,Natural Gas,€/kWh,2044,High Tax,0.3518
ES,Natural Gas,€/kWh,2045,High Tax,0.3658
ES,Natural Gas,€/kWh,2046,High Tax,0.3805
ES,Natural Gas,€/kWh,2047,High Tax,0.3957
ES,Natural Gas,€/kWh,2048,High Tax,0.4115
ES,Natural Gas,€/kWh,2049,High Tax,0.428
ES,Natural Gas,€/kWh,2050,High Tax,0.4451
ES,Natural Gas,€/kWh,2023,Decarbonized Grid,0.1329
ES,Natural Gas,€/kWh,2024,Decarbonized Grid,0.1343
ES,Natural Gas,€/kWh,2025,Decarbonized Grid,0.1356
ES,Natural Gas,€/kWh,2026,Decarbonized Grid,0.137
ES,Natural Gas,€/kWh,2027,Decarbonized Grid,0.1383
ES,Natural Gas,€/kWh,2028,Decarbonized Grid,0.1397
ES,Natural Gas,€/kWh,2029,Decarbonized Grid,0.1411
ES,Natural Gas,€/kWh,2030,Decarbonized Grid,0.1425
ES,Natural Gas,€/kWh,2031,Decarbonized Grid,0.1439
ES,Natural Gas,€/kWh,2032,Decarbonized Grid,0.1454
ES,Natural Gas,€/kWh,2033,Decarbonized Grid,0.1468
ES,Natural Gas,€/kWh,2034,Decarbonized Grid,0.1483
ES,Natural Gas,€/kWh,2035,Decarbonized Grid,0.1498
ES,Natural Gas,€/kWh,2036,Decarbonized Grid,0.1513
ES,Natural Gas,€/kWh,2037,Decarbonized Grid,0.1528
ES,Natural Gas,€/kWh,2038,Decarbonized Grid,0.1543
ES,Natural Gas,€/kWh,2039,Decarbonized Grid,0.1559
ES,Natural Gas,€/kWh,2040,Decarbonized Grid,0.1574
ES,Natural Gas,€/kWh,2041,Decarbonized Grid,0.159
ES,Natural Gas,€/kWh,2042,Decarbonized Grid,0.1606
ES,Natural Gas,€/kWh,2043,Decarbonized Grid,0.1622
ES,Natural Gas,€/kWh,2044,Decarbonized Grid,0.1638
ES,Natural Gas,€/kWh,2045,Decarbonized Grid,0.1655
ES,Natural Gas,€/kWh,2046,Decarbonized Grid,0.1671
ES,Natural Gas,€/kWh,2047,Decarbonized Grid,0.1688
ES,Natural Gas,€/kWh,2048,Decarbonized Grid,0.1705
ES,Natural Gas,€/kWh,2049,Decarbonized Grid,0.1722
ES,Natural Gas,€/kWh,2050,Decarbonized Grid,0.1739
ES,Heating Oil,€/kWh,2023,Baseline,0.1029
ES,Heating Oil,€/kWh,2024,Baseline,0.105
ES,Heating Oil,€/kWh,2025,Baseline,0.1071
ES,Heating Oil,€/kWh,2026,Baseline,0.1092
ES,Heating Oil,€/kWh,2027,Baseline,0.1114
ES,Heating Oil,€/kWh,2028,Baseline,0.1136
ES,Heating Oil,€/kWh,2029,Baseline,0.1159
ES,Heating Oil,€/kWh,2030,Baseline,0.1182
ES,Heating Oil,€/kWh,2031,Baseline,0.1206
ES,Heating Oil,€/kWh,2032,Baseline,0.123
ES,Heating Oil,€/kWh,2033,Baseline,0.1254
ES,Heating Oil,€/kWh,2034,Baseline,0.128
ES,Heating Oil,€/kWh,2035,Baseline,0.1305
ES,Heating Oil,€/kWh,2036,Baseline,0.1331
ES,Heating Oil,€/kWh,2037,Baseline,0.1358
ES,Heating Oil,€/kWh,2038,Baseline,0.1385
ES,Heating Oil,€/kWh,2039,Baseline,0.1413
ES,Heating Oil,€/kWh,2040,Baseline,0.1441
ES,Heating Oil,€/kWh,2041,Baseline,0.147
ES,Heating Oil,€/kWh,2042,Baseline,0.1499
ES,Heating Oil,€/kWh,2043,Baseline,0.1529
ES,Heating Oil,€/kWh,2044,Baseline,0.156
ES,Heating Oil,€/kWh,2045,Baseline,0.1591
ES,Heating Oil,€/kWh,2046,Baseline,0.1623
ES,Heating Oil,€/kWh,2047,Baseline,0.1655
ES,Heating Oil,€/kWh,2048,Baseline,0.1688
ES,Heating Oil,€/kWh,2049,Baseline,0.1722
ES,Heating Oil,€/kWh,2050,Baseline,0.1757
ES,Heating Oil,€/kWh,2023,High Tax,0.2048
ES,Heating Oil,€/kWh,2024,High Tax,0.213
ES,Heating Oil,€/kWh,2025,High Tax,0.2216
ES,Heating Oil,€/kWh,2026,High Tax,0.2304
ES,Heating Oil,€/kWh,2027,High Tax,0.2396
ES,Heating Oil,€/kWh,2028,High Tax,0.2492
ES,Heating Oil,€/kWh,2029,High Tax,0.2592
ES,Heating Oil,€/kWh,2030,High Tax,0.2696
ES,Heating Oil,€/kWh,2031,High Tax,0.2803
ES,Heating Oil,€/kWh,2032,High Tax,0.2916
ES,Heating Oil,€/kWh,2033,High Tax,0.3032
ES,Heating Oil,€/kWh,2034,High Tax,0.3154
ES,Heating Oil,€/kWh,2035,High Tax,0.328
ES,Heating Oil,€/kWh,2036,High Tax,0.3411
ES,Heating Oil,€/kWh,2037,High Tax,0.3547
ES,Heating Oil,€/kWh,2038,High Tax,0.3689
ES,Heating Oil,€/kWh,2039,High Tax,0.3837
ES,Heating Oil,€/kWh,2040,High Tax,0.399
ES,Heating Oil,€/kWh,2041,High Tax,0.415
ES,Heating Oil,€/kWh,2042,High Tax,0.4316
ES,Heating Oil,€/kWh,2043,High Tax,0.4488
ES,Heating Oil,€/kWh,2044,High Tax,0.4668
ES,Heating Oil,€/kWh,2045,High Tax,0.4855
ES,Heating Oil,€/kWh,2046,High Tax,0.5049
ES,Heating Oil,€/kWh,2047,High Tax,0.5251
ES,Heating Oil,€/kWh,2048,High Tax,0.5461
ES,Heating Oil,€/kWh,2049,High Tax,0.5679
ES,Heating Oil,€/kWh,2050,High Tax,0.5906
ES,Heating Oil,€/kWh,2023,Decarbonized Grid,0.1412
ES,Heating Oil,€/kWh,2024,Decarbonized Grid,0.1426
ES,Heating Oil,€/kWh,2025,Decarbonized Grid,0.1441
ES,Heating Oil,€/kWh,2026,Decarbonized Grid,0.1455
ES,Heating Oil,€/kWh,2027,Decarbonized Grid,0.147
ES,Heating Oil,€/kWh,2028,Decarbonized Grid,0.1484
ES,Heating Oil,€/kWh,2029,Decarbonized Grid,0.1499
ES,Heating Oil,€/kWh,2030,Decarbonized Grid,0.1514
ES,Heating Oil,€/kWh,2031,Decarbonized Grid,0.1529
ES,Heating Oil,€/kWh,2032,Decarbonized Grid,0.1545
ES,Heating Oil,€/kWh,2033,Decarbonized Grid,0.156
ES,Heating Oil,€/kWh,2034,Decarbonized Grid,0.1576
ES,Heating Oil,€/kWh,2035,Decarbonized Grid,0.1591
ES,Heating Oil,€/kWh,2036,Decarbonized Grid,0.1607
ES,Heating Oil,€/kWh,2037,Decarbonized Grid,0.1623
ES,Heating Oil,€/kWh,2038,Decarbonized Grid,0.164
ES,Heating Oil,€/kWh,2039,Decarbonized Grid,0.1656
ES,Heating Oil,€/kWh,2040,Decarbonized Grid,0.1673
ES,Heating Oil,€/kWh,2041,Decarbonized Grid,0.1689
ES,Heating Oil,€/kWh,2042,Decarbonized Grid,0.1706
ES,Heating Oil,€/kWh,2043,Decarbonized Grid,0.1723
ES,Heating Oil,€/kWh,2044,Decarbonized Grid,0.1741
ES,Heating Oil,€/kWh,2045,Decarbonized Grid,0.1758
ES,Heating Oil,€/kWh,2046,Decarbonized Grid,0.1775
ES,Heating Oil,€/kWh,2047,Decarbonized Grid,0.1793
ES,Heating Oil,€/kWh,2048,Decarbonized Grid,0.1811
ES,Heating Oil,€/kWh,2049,Decarbonized Grid,0.1829
ES,Heating Oil,€/kWh,2050,Decarbonized Grid,0.1848
ES,District Heating,€/kWh,2023,Baseline,0.1637
ES,District Heating,€/kWh,2024,Baseline,0.167
ES,District Heating,€/kWh,2025,Baseline,0.1703
ES,District Heating,€/kWh,2026,Baseline,0.1737
ES,District Heating,€/kWh,2027,Baseline,0.1772
ES,District Heating,€/kWh,2028,Baseline,0.1807
ES,District Heating,€/kWh,2029,Baseline,0.1843
ES,District Heating,€/kWh,2030,Baseline,0.188
ES,District Heating,€/kWh,2031,Baseline,0.1918
ES,District Heating,€/kWh,2032,Baseline,0.1956
ES,District Heating,€/kWh,2033,Baseline,0.1995
ES,District Heating,€/kWh,2034,Baseline,0.2035
ES,District Heating,€/kWh,2035,Baseline,0.2076
ES,District Heating,€/kWh,2036,Baseline,0.2117
ES,District Heating,€/kWh,2037,Baseline,0.216
ES,District Heating,€/kWh,2038,Baseline,0.2203
ES,District Heating,€/kWh,2039,Baseline,0.2247
ES,District Heating,€/kWh,2040,Baseline,0.2292
ES,District Heating,€/kWh,2041,Baseline,0.2338
ES,District Heating,€/kWh,2042,Baseline,0.2385
ES,District Heating,€/kWh,2043,Baseline,0.2432
ES,District Heating,€/kWh,2044,Baseline,0.2481
ES,District Heating,€/kWh,2045,Baseline,0.2531
ES,District Heating,€/kWh,2046,Baseline,0.2581
ES,District Heating,€/kWh,2047,Baseline,0.2633
ES,District Heating,€/kWh,2048,Baseline,0.2685
ES,District Heating,€/kWh,2049,Baseline,0.2739
ES,District Heating,€/kWh,2050,Baseline,0.2794
ES,District Heating,€/kWh,2023,High Tax,0.0538
ES,District Heating,€/kWh,2024,High Tax,0.0559
ES,District Heating,€/kWh,2025,High Tax,0.0581
ES,District Heating,€/kWh,2026,High Tax,0.0605
ES,District Heating,€/kWh,2027,High Tax,0.0629
ES,District Heating,€/kWh,2028,High Tax,0.0654
ES,District Heating,€/kWh,2029,High Tax,0.068
ES,District Heating,€/kWh,2030,High Tax,0.0707
ES,District Heating,€/kWh,2031,High Tax,0.0736
ES,District Heating,€/kWh,2032,High Tax,0.0765
ES,District Heating,€/kWh,2033,High Tax,0.0796
ES,District Heating,€/kWh,2034,High Tax,0.0828
ES,District Heating,€/kWh,2035,High Tax,0.0861
ES,District Heating,€/kWh,2036,High Tax,0.0895
ES,District Heating,€/kWh,2037,High Tax,0.0931
ES,District Heating,€/kWh,2038,High Tax,0.0968
ES,District Heating,€/kWh,2039,High Tax,0.1007
ES,District Heating,€/kWh,2040,High Tax,0.1047
ES,District Heating,€/kWh,2041,High Tax,0.1089
ES,District Heating,€/kWh,2042,High Tax,0.1133
ES,District Heating,€/kWh,2043,High Tax,0.1178
ES,District Heating,€/kWh,2044,High Tax,0.1225
ES,District Heating,€/kWh,2045,High Tax,0.1274
ES,District Heating,€/kWh,2046,High Tax,0.1325
ES,District Heating,€/kWh,2047,High Tax,0.1378
ES,District Heating,€/kWh,2048,High Tax,0.1433
ES,District Heating,€/kWh,2049,High Tax,0.149
ES,District Heating,€/kWh,2050,High Tax,0.155
ES,District Heating,€/kWh,2023,Decarbonized Grid,0.1735
ES,District Heating,€/kWh,2024,Decarbonized Grid,0.1753
ES,District Heating,€/kWh,2025,Decarbonized Grid,0.177
ES,District Heating,€/kWh,2026,Decarbonized Grid,0.1788
ES,District Heating,€/kWh,2027,Decarbonized Grid,0.1806
ES,District Heating,€/kWh,2028,Decarbonized Grid,0.1824
ES,District Heating,€/kWh,2029,Decarbonized Grid,0.1842
ES,District Heating,€/kWh,2030,Decarbonized Grid,0.186
ES,District Heating,€/kWh,2031,Decarbonized Grid,0.1879
ES,District Heating,€/kWh,2032,Decarbonized Grid,0.1898
ES,District Heating,€/kWh,2033,Decarbonized Grid,0.1917
ES,District Heating,€/kWh,2034,Decarbonized Grid,0.1936
ES,District Heating,€/kWh,2035,Decarbonized Grid,0.1955
ES,District Heating,€/kWh,2036,Decarbonized Grid,0.1975
ES,District Heating,€/kWh,2037,Decarbonized Grid,0.1995
ES,District Heating,€/kWh,2038,Decarbonized Grid,0.2015
ES,District Heating,€/kWh,2039,Decarbonized Grid,0.2035
ES,District Heating,€/kWh,2040,Decarbonized Grid,0.2055
ES,District Heating,€/kWh,2041,Decarbonized Grid,0.2076
ES,District Heating,€/kWh,2042,Decarbonized Grid,0.2096
ES,District Heating,€/kWh,2043,Decarbonized Grid,0.2117
ES,District Heating,€/kWh,2044,Decarbonized Grid,0.2139
ES,District Heating,€/kWh,2045,Decarbonized Grid,0.216
ES,District Heating,€/kWh,2046,Decarbonized Grid,0.2182
ES,District Heating,€/kWh,2047,Decarbonized Grid,0.2203
ES,District Heating,€/kWh,2048,Decarbonized Grid,0.2225
ES,District Heating,€/kWh,2049,Decarbonized Grid,0.2248
ES,District Heating,€/kWh,2050,Decarbonized Grid,0.227
IT,Electricity,€/kWh,2023,Baseline,0.1724
IT,Electricity,€/kWh,2024,Baseline,0.1759
IT,Electricity,€/kWh,2025,Baseline,0.1794
IT,Electricity,€/kWh,2026,Baseline,0.183
IT,Electricity,€/kWh,2027,Baseline,0.1866
IT,Electricity,€/kWh,2028,Baseline,0.1904
IT,Electricity,€/kWh,2029,Baseline,0.1942
IT,Electricity,€/kWh,2030,Baseline,0.1981
IT,Electricity,€/kWh,2031,Baseline,0.202
IT,Electricity,€/kWh,2032,Baseline,0.2061
IT,Electricity,€/kWh,2033,Baseline,0.2102
IT,Electricity,€/kWh,2034,Baseline,0.2144
IT,Electricity,€/kWh,2035,Baseline,0.2187
IT,Electricity,€/kWh,2036,Baseline,0.223
IT,Electricity,€/kWh,2037,Baseline,0.2275
IT,Electricity,€/kWh,2038,Baseline,0.2321
IT,Electricity,€/kWh,2039,Baseline,0.2367
IT,Electricity,€/kWh,2040,Baseline,0.2414
IT,Electricity,€/kWh,2041,Baseline,0.2463
IT,Electricity,€/kWh,2042,Baseline,0.2512
IT,Electricity,€/kWh,2043,Baseline,0.2562
IT,Electricity,€/kWh,2044,Baseline,0.2613
IT,Electricity,€/kWh,2045,Baseline,0.2666
IT,Electricity,€/kWh,2046,Baseline,0.2719
IT,Electricity,€/kWh,2047,Baseline,0.2773
IT,Electricity,€/kWh,2048,Baseline,0.2829
IT,Electricity,€/kWh,2049,Baseline,0.2885
IT,Electricity,€/kWh,2050,Baseline,0.2943
IT,Electricity,€/kWh,2023,High Tax,0.1734
IT,Electricity,€/kWh,2024,High Tax,0.1803
IT,Electricity,€/kWh,2025,High Tax,0.1875
IT,Electricity,€/kWh,2026,High Tax,0.195
IT,Electricity,€/kWh,2027,High Tax,0.2028
IT,Electricity,€/kWh,2028,High Tax,0.211
IT,Electricity,€/kWh,2029,High Tax,0.2194
IT,Electricity,€/kWh,2030,High Tax,0.2282
IT,Electricity,€/kWh,2031,High Tax,0.2373
IT,Electricity,€/kWh,2032,High Tax,0.2468
IT,Electricity,€/kWh,2033,High Tax,0.2567
IT,Electricity,€/kWh,2034,High Tax,0.2669
IT,Electricity,€/kWh,2035,High Tax,0.2776
IT,Electricity,€/kWh,2036,High Tax,0.2887
IT,Electricity,€/kWh,2037,High Tax,0.3002
IT,Electricity,€/kWh,2038,High Tax,0.3123
IT,Electricity,€/kWh,2039,High Tax,0.3248
IT,Electricity,€/kWh,2040,High Tax,0.3377
IT,Electricity,€/kWh,2041,High Tax,0.3512
IT,Electricity,€/kWh,2042,High Tax,0.3653
IT,Electricity,€/kWh,2043,High Tax,0.3799
IT,Electricity,€/kWh,2044,High Tax,0.3951
IT,Electricity,€/kWh,2045,High Tax,0.4109
IT,Electricity,€/kWh,2046,High Tax,0.4273
IT,Electricity,€/kWh,2047,High Tax,0.4444
IT,Electricity,€/kWh,2048,High Tax,0.4622
IT,Electricity,€/kWh,2049,High Tax,0.4807
IT,Electricity,€/kWh,2050,High Tax,0.4999
IT,Electricity,€/kWh,2023,Decarbonized Grid,0.2387
IT,Electricity,€/kWh,2024,Decarbonized Grid,0.2411
IT,Electricity,€/kWh,2025,Decarbonized Grid,0.2435
IT,Electricity,€/kWh,2026,Decarbonized Grid,0.246
IT,Electricity,€/kWh,2027,Decarbonized Grid,0.2484
IT,Electricity,€/kWh,2028,Decarbonized Grid,0.2509
IT,Electricity,€/kWh,2029,Decarbonized Grid,0.2534
IT,Electricity,€/kWh,2030,Decarbonized Grid,0.256
IT,Electricity,€/kWh,2031,Decarbonized Grid,0.2585
IT,Electricity,€/kWh,2032,Decarbonized Grid,0.2611
IT,Electricity,€/kWh,2033,Decarbonized Grid,0.2637
IT,Electricity,€/kWh,2034,Decarbonized Grid,0.2664
IT,Electricity,€/kWh,2035,Decarbonized Grid,0.269
IT,Electricity,€/kWh,2036,Decarbonized Grid,0.2717
IT,Electricity,€/kWh,2037,Decarbonized Grid,0.2744
IT,Electricity,€/kWh,2038,Decarbonized Grid,0.2772
IT,Electricity,€/kWh,2039,Decarbonized Grid,0.28
IT,Electricity,€/kWh,2040,Decarbonized Grid,0.2828
IT,Electricity,€/kWh,2041,Decarbonized Grid,0.2856
IT,Electricity,€/kWh,2042,Decarbonized Grid,0.2884
IT,Electricity,€/kWh,2043,Decarbonized Grid,0.2913
IT,Electricity,€/kWh,2044,Decarbonized Grid,0.2942
IT,Electricity,€/kWh,2045,Decarbonized Grid,0.2972
IT,Electricity,€/kWh,2046,Decarbonized Grid,0.3001
IT,Electricity,€/kWh,2047,Decarbonized Grid,0.3031
IT,Electricity,€/kWh,2048,Decarbonized Grid,0.3062
IT,Electricity,€/kWh,2049,Decarbonized Grid,0.3092
IT,Electricity,€/kWh,2050,Decarbonized Grid,0.3123
IT,Natural Gas,€/kWh,2023,Baseline,0.1864
IT,Natural Gas,€/kWh,2024,Baseline,0.1901
IT,Natural Gas,€/kWh,2025,Baseline,0.1939
IT,Natural Gas,€/kWh,2026,Baseline,0.1978
IT,Natural Gas,€/kWh,2027,Baseline,0.2017
IT,Natural Gas,€/kWh,2028,Baseline,0.2058
IT,Natural Gas,€/kWh,2029,Baseline,0.2099
IT,Natural Gas,€/kWh,2030,Baseline,0.2141
IT,Natural Gas,€/kWh,2031,Baseline,0.2184
IT,Natural Gas,€/kWh,2032,Baseline,0.2227
IT,Natural Gas,€/kWh,2033,Baseline,0.2272
IT,Natural Gas,€/kWh,2034,Baseline,0.2317
IT,Natural Gas,€/kWh,2035,Baseline,0.2364
IT,Natural Gas,€/kWh,2036,Baseline,0.2411
IT,Natural Gas,€/kWh,2037,Baseline,0.2459
IT,Natural Gas,€/kWh,2038,Baseline,0.2508
IT,Natural Gas,€/kWh,2039,Baseline,0.2558
IT,Natural Gas,€/kWh,2040,Baseline,0.261
IT,Natural Gas,€/kWh,2041,Baseline,0.2662
IT,Natural Gas,€/kWh,2042,Baseline,0.2715
IT,Natural Gas,€/kWh,2043,Baseline,0.2769
IT,Natural Gas,€/kWh,2044,Baseline,0.2825
IT,Natural Gas,€/kWh,2045,Baseline,0.2881
IT,Natural Gas,€/kWh,2046,Baseline,0.2939
IT,Natural Gas,€/kWh,2047,Baseline,0.2998
IT,Natural Gas,€/kWh,2048,Baseline,0.3057
IT,Natural Gas,€/kWh,2049,Baseline,0.3119
IT,Natural Gas,€/kWh,2050,Baseline,0.3181
IT,Natural Gas,€/kWh,2023,High Tax,0.1219
IT,Natural Gas,€/kWh,2024,High Tax,0.1268
IT,Natural Gas,€/kWh,2025,High Tax,0.1318
IT,Natural Gas,€/kWh,2026,High Tax,0.1371
IT,Natural Gas,€/kWh,2027,High Tax,0.1426
IT,Natural Gas,€/kWh,2028,High Tax,0.1483
IT,Natural Gas,€/kWh,2029,High Tax,0.1542
IT,Natural Gas,€/kWh,2030,High Tax,0.1604
IT,Natural Gas,€/kWh,2031,High Tax,0.1668
IT,Natural Gas,€/kWh,2032,High Tax,0.1735
IT,Natural Gas,€/kWh,2033,High Tax,0.1804
IT,Natural Gas,€/kWh,2034,High Tax,0.1877
IT,Natural Gas,€/kWh,2035,High Tax,0.1952
IT,Natural Gas,€/kWh,2036,High Tax,0.203
IT,Natural Gas,€/kWh,2037,High Tax,0.2111
IT,Natural Gas,€/kWh,2038,High Tax,0.2195
IT,Natural Gas,€/kWh,2039,High Tax,0.2283
IT,Natural Gas,€/kWh,2040,High Tax,0.2375
IT,Natural Gas,€/kWh,2041,High Tax,0.247
IT,Natural Gas,€/kWh,2042,High Tax,0.2568
IT,Natural Gas,€/kWh,2043,High Tax,0.2671
IT,Natural Gas,€/kWh,2044,High Tax,0.2778
IT,Natural Gas,€/kWh,2045,High Tax,0.2889
IT,Natural Gas,€/kWh,2046,High Tax,0.3005
IT,Natural Gas,€/kWh,2047,High Tax,0.3125
IT,Natural Gas,€/kWh,2048,High Tax,0.325
IT,Natural Gas,€/kWh,2049,High Tax,0.338
IT,Natural Gas,€/kWh,2050,High Tax,0.3515
IT,Natural Gas,€/kWh,2023,Decarbonized Grid,0.1374
IT,Natural Gas,€/kWh,2024,Decarbonized Grid,0.1388
IT,Natural Gas,€/kWh,2025,Decarbonized Grid,0.1402
IT,Natural Gas,€/kWh,2026,Decarbonized Grid,0.1416
IT,Natural Gas,€/kWh,2027,Decarbonized Grid,0.143
IT,Natural Gas,€/kWh,2028,Decarbonized Grid,0.1444
IT,Natural Gas,€/kWh,2029,Decarbonized Grid,0.1459
IT,Natural Gas,€/kWh,2030,Decarbonized Grid,0.1473
IT,Natural Gas,€/kWh,2031,Decarbonized Grid,0.1488
IT,Natural Gas,€/kWh,2032,Decarbonized Grid,0.1503
IT,Natural Gas,€/kWh,2033,Decarbonized Grid,0.1518
IT,Natural Gas,€/kWh,2034,Decarbonized Grid,0.1533
IT,Natural Gas,€/kWh,2035,Decarbonized Grid,0.1548
IT,Natural Gas,€/kWh,2036,Decarbonized Grid,0.1564
IT,Natural Gas,€/kWh,2037,Decarbonized Grid,0.1579
IT,Natural Gas,€/kWh,2038,Decarbonized Grid,0.1595
IT,Natural Gas,€/kWh,2039,Decarbonized Grid,0.1611
IT,Natural Gas,€/kWh,2040,Decarbonized Grid,0.1627
IT,Natural Gas,€/kWh,2041,Decarbonized Grid,0.1644
IT,Natural Gas,€/kWh,2042,Decarbonized Grid,0.166
IT,Natural Gas,€/kWh,2043,Decarbonized Grid,0.1677
IT,Natural Gas,€/kWh,2044,Decarbonized Grid,0.1693
IT,Natural Gas,€/kWh,2045,Decarbonized Grid,0.171
IT,Natural Gas,€/kWh,2046,Decarbonized Grid,0.1727
IT,Natural Gas,€/kWh,2047,Decarbonized Grid,0.1745
IT,Natural Gas,€/kWh,2048,Decarbonized Grid,0.1762
IT,Natural Gas,€/kWh,2049,Decarbonized Grid,0.178
IT,Natural Gas,€/kWh,2050,Decarbonized Grid,0.1798
IT,Heating Oil,€/kWh,2023,Baseline,0.1895
IT,Heating Oil,€/kWh,2024,Baseline,0.1933
IT,Heating Oil,€/kWh,2025,Baseline,0.1972
IT,Heating Oil,€/kWh,2026,Baseline,0.2011
IT,Heating Oil,€/kWh,2027,Baseline,0.2051
IT,Heating Oil,€/kWh,2028,Baseline,0.2093
IT,Heating Oil,€/kWh,2029,Baseline,0.2134
IT,Heating Oil,€/kWh,2030,Baseline,0.2177
IT,Heating Oil,€/kWh,2031,Baseline,0.2221
IT,Heating Oil,€/kWh,2032,Baseline,0.2265
IT,Heating Oil,€/kWh,2033,Baseline,0.231
IT,Heating Oil,€/kWh,2034,Baseline,0.2357
IT,Heating Oil,€/kWh,2035,Baseline,0.2404
IT,Heating Oil,€/kWh,2036,Baseline,0.2452
IT,Heating Oil,€/kWh,2037,Baseline,0.2501
IT,Heating Oil,€/kWh,2038,Baseline,0.2551
IT,Heating Oil,€/kWh,2039,Baseline,0.2602
IT,Heating Oil,€/kWh,2040,Baseline,0.2654
IT,Heating Oil,€/kWh,2041,Baseline,0.2707
IT,Heating Oil,€/kWh,2042,Baseline,0.2761
IT,Heating Oil,€/kWh,2043,Baseline,0.2816
IT,Heating Oil,€/kWh,2044,Baseline,0.2873
IT,Heating Oil,€/kWh,2045,Baseline,0.293
IT,Heating Oil,€/kWh,2046,Baseline,0.2989
IT,Heating Oil,€/kWh,2047,Baseline,0.3048
IT,Heating Oil,€/kWh,2048,Baseline,0.3109
IT,Heating Oil,€/kWh,2049,Baseline,0.3172
IT,Heating Oil,€/kWh,2050,Baseline,0.3235
IT,Heating Oil,€/kWh,2023,High Tax,0.062
IT,Heating Oil,€/kWh,2024,High Tax,0.0645
IT,Heating Oil,€/kWh,2025,High Tax,0.0671
IT,Heating Oil,€/kWh,2026,High Tax,0.0698
IT,Heating Oil,€/kWh,2027,High Tax,0.0726
IT,Heating Oil,€/kWh,2028,High Tax,0.0755
IT,Heating Oil,€/kWh,2029,High Tax,0.0785
IT,Heating Oil,€/kWh,2030,High Tax,0.0816
IT,Heating Oil,€/kWh,2031,High Tax,0.0849
IT,Heating Oil,€/kWh,2032,High Tax,0.0883
IT,Heating Oil,€/kWh,2033,High Tax,0.0918
IT,Heating Oil,€/kWh,2034,High Tax,0.0955
IT,Heating Oil,€/kWh,2035,High Tax,0.0993
IT,Heating Oil,€/kWh,2036,High Tax,0.1033
IT,Heating Oil,€/kWh,2037,High Tax,0.1074
IT,Heating Oil,€/kWh,2038,High Tax,0.1117
IT,Heating Oil,€/kWh,2039,High Tax,0.1162
IT,Heating Oil,€/kWh,2040,High Tax,0.1209
IT,Heating Oil,€/kWh,2041,High Tax,0.1257
IT,Heating Oil,€/kWh,2042,High Tax,0.1307
IT,Heating Oil,€/kWh,2043,High Tax,0.1359
IT,Heating Oil,€/kWh,2044,High Tax,0.1414
IT,Heating Oil,€/kWh,2045,High Tax,0.147
IT,Heating Oil,€/kWh,2046,High Tax,0.1529
IT,Heating Oil,€/kWh,2047,High Tax,0.159
IT,Heating Oil,€/kWh,2048,High Tax,0.1654
IT,Heating Oil,€/kWh,2049,High Tax,0.172
IT,Heating Oil,€/kWh,2050,High Tax,0.1789
IT,Heating Oil,€/kWh,2023,Decarbonized Grid,0.1834
IT,Heating Oil,€/kWh,2024,Decarbonized Grid,0.1852
IT,Heating Oil,€/kWh,2025,Decarbonized Grid,0.187
IT,Heating Oil,€/kWh,2026,Decarbonized Grid,0.1889
IT,Heating Oil,€/kWh,2027,Decarbonized Grid,0.1908
IT,Heating Oil,€/kWh,2028,Decarbonized Grid,0.1927
IT,Heating Oil,€/kWh,2029,Decarbonized Grid,0.1946
IT,Heating Oil,€/kWh,2030,Decarbonized Grid,0.1966
IT,Heating Oil,€/kWh,2031,Decarbonized Grid,0.1985
IT,Heating Oil,€/kWh,2032,Decarbonized Grid,0.2005
IT,Heating Oil,€/kWh,2033,Decarbonized Grid,0.2025
IT,Heating Oil,€/kWh,2034,Decarbonized Grid,0.2046
IT,Heating Oil,€/kWh,2035,Decarbonized Grid,0.2066
IT,Heating Oil,€/kWh,2036,Decarbonized Grid,0.2087
IT,Heating Oil,€/kWh,2037,Decarbonized Grid,0.2108
IT,Heating Oil,€/kWh,2038,Decarbonized Grid,0.2129
IT,Heating Oil,€/kWh,2039,Decarbonized Grid,0.215
IT,Heating Oil,€/kWh,2040,Decarbonized Grid,0.2171
IT,Heating Oil,€/kWh,2041,Decarbonized Grid,0.2193
IT,Heating Oil,€/kWh,2042,Decarbonized Grid,0.2215
IT,Heating Oil,€/kWh,2043,Decarbonized Grid,0.2237
IT,Heating Oil,€/kWh,2044,Decarbonized Grid,0.226
IT,Heating Oil,€/kWh,2045,Decarbonized Grid,0.2282
IT,Heating Oil,€/kWh,2046,Decarbonized Grid,0.2305
IT,Heating Oil,€/kWh,2047,Decarbonized Grid,0.2328
IT,Heating Oil,€/kWh,2048,Decarbonized Grid,0.2351
IT,Heating Oil,€/kWh,2049,Decarbonized Grid,0.2375
IT,Heating Oil,€/kWh,2050,Decarbonized Grid,0.2399
IT,District Heating,€/kWh,2023,Baseline,0.1841
IT,District Heating,€/kWh,2024,Baseline,0.1878
IT,District Heating,€/kWh,2025,Baseline,0.1916
IT,District Heating,€/kWh,2026,Baseline,0.1954
IT,District Heating,€/kWh,2027,Baseline,0.1993
IT,District Heating,€/kWh,2028,Baseline,0.2033
IT,District Heating,€/kWh,2029,Baseline,0.2074
IT,District Heating,€/kWh,2030,Baseline,0.2115
IT,District Heating,€/kWh,2031,Baseline,0.2157
IT,District Heating,€/kWh,2032,Baseline,0.22
IT,District Heating,€/kWh,2033,Baseline,0.2245
IT,District Heating,€/kWh,2034,Baseline,0.2289
IT,District Heating,€/kWh,2035,Baseline,0.2335
IT,District Heating,€/kWh,2036,Baseline,0.2382
IT,District Heating,€/kWh,2037,Baseline,0.243
IT,District Heating,€/kWh,2038,Baseline,0.2478
IT,District Heating,€/kWh,2039,Baseline,0.2528
IT,District Heating,€/kWh,2040,Baseline,0.2578
IT,District Heating,€/kWh,2041,Baseline,0.263
IT,District Heating,€/kWh,2042,Baseline,0.2682
IT,District Heating,€/kWh,2043,Baseline,0.2736
IT,District Heating,€/kWh,2044,Baseline,0.2791
IT,District Heating,€/kWh,2045,Baseline,0.2847
IT,District Heating,€/kWh,2046,Baseline,0.2904
IT,District Heating,€/kWh,2047,Baseline,0.2962
IT,District Heating,€/kWh,2048,Baseline,0.3021
IT,District Heating,€/kWh,2049,Baseline,0.3081
IT,District Heating,€/kWh,2050,Baseline,0.3143
IT,District Heating,€/kWh,2023,High Tax,0.0921
IT,District Heating,€/kWh,2024,High Tax,0.0958
IT,District Heating,€/kWh,2025,High Tax,0.0996
IT,District Heating,€/kWh,2026,High Tax,0.1036
IT,District Heating,€/kWh,2027,High Tax,0.1077
IT,District Heating,€/kWh,2028,High Tax,0.112
IT,District Heating,€/kWh,2029,High Tax,0.1165
IT,District Heating,€/kWh,2030,High Tax,0.1212
IT,District Heating,€/kWh,2031,High Tax,0.126
IT,District Heating,€/kWh,2032,High Tax,0.1311
IT,District Heating,€/kWh,2033,High Tax,0.1363
IT,District Heating,€/kWh,2034,High Tax,0.1417
IT,District Heating,€/kWh,2035,High Tax,0.1474
IT,District Heating,€/kWh,2036,High Tax,0.1533
IT,District Heating,€/kWh,2037,High Tax,0.1594
IT,District Heating,€/kWh,2038,High Tax,0.1658
IT,District Heating,€/kWh,2039,High Tax,0.1725
IT,District Heating,€/kWh,2040,High Tax,0.1794
IT,District Heating,€/kWh,2041,High Tax,0.1865
IT,District Heating,€/kWh,2042,High Tax,0.194
IT,District Heating,€/kWh,2043,High Tax,0.2018
IT,District Heating,€/kWh,2044,High Tax,0.2098
IT,District Heating,€/kWh,2045,High Tax,0.2182
IT,District Heating,€/kWh,2046,High Tax,0.2269
IT,District Heating,€/kWh,2047,High Tax,0.236
IT,District Heating,€/kWh,2048,High Tax,0.2455
IT,District Heating,€/kWh,2049,High Tax,0.2553
IT,District Heating,€/kWh,2050,High Tax,0.2655
IT,District Heating,€/kWh,2023,Decarbonized Grid,0.0758
IT,District Heating,€/kWh,2024,Decarbonized Grid,0.0765
IT,District Heating,€/kWh,2025,Decarbonized Grid,0.0773
IT,District Heating,€/kWh,2026,Decarbonized Grid,0.0781
IT,District Heating,€/kWh,2027,Decarbonized Grid,0.0789
IT,District Heating,€/kWh,2028,Decarbonized Grid,0.0797
IT,District Heating,€/kWh,2029,Decarbonized Grid,0.0804
IT,District Heating,€/kWh,2030,Decarbonized Grid,0.0813
IT,District Heating,€/kWh,2031,Decarbonized Grid,0.0821
IT,District Heating,€/kWh,2032,Decarbonized Grid,0.0829
IT,District Heating,€/kWh,2033,Decarbonized Grid,0.0837
IT,District Heating,€/kWh,2034,Decarbonized Grid,0.0846
IT,District Heating,€/kWh,2035,Decarbonized Grid,0.0854
IT,District Heating,€/kWh,2036,Decarbonized Grid,0.0863
IT,District Heating,€/kWh,2037,Decarbonized Grid,0.0871
IT,District Heating,€/kWh,2038,Decarbonized Grid,0.088
IT,District Heating,€/kWh,2039,Decarbonized Grid,0.0889
IT,District Heating,€/kWh,2040,Decarbonized Grid,0.0898
IT,District Heating,€/kWh,2041,Decarbonized Grid,0.0907
IT,District Heating,€/kWh,2042,Decarbonized Grid,0.0916
IT,District Heating,€/kWh,2043,Decarbonized Grid,0.0925
IT,District Heating,€/kWh,2044,Decarbonized Grid,0.0934
IT,District Heating,€/kWh,2045,Decarbonized Grid,0.0943
IT,District Heating,€/kWh,2046,Decarbonized Grid,0.0953
IT,District Heating,€/kWh,2047,Decarbonized Grid,0.0962
IT,District Heating,€/kWh,2048,Decarbonized Grid,0.0972
IT,District Heating,€/kWh,2049,Decarbonized Grid,0.0982
IT,District Heating,€/kWh,2050,Decarbonized Grid,0.0991
UK,Electricity,€/kWh,2023,Baseline,0.1131
UK,Electricity,€/kWh,2024,Baseline,0.1153
UK,Electricity,€/kWh,2025,Baseline,0.1177
UK,Electricity,€/kWh,2026,Baseline,0.12
UK,Electricity,€/kWh,2027,Baseline,0.1224
UK,Electricity,€/kWh,2028,Baseline,0.1249
UK,Electricity,€/kWh,2029,Baseline,0.1274
UK,Electricity,€/kWh,2030,Baseline,0.1299
UK,Electricity,€/kWh,2031,Baseline,0.1325
UK,Electricity,€/kWh,2032,Baseline,0.1351
UK,Electricity,€/kWh,2033,Baseline,0.1379
UK,Electricity,€/kWh,2034,Baseline,0.1406
UK,Electricity,€/kWh,2035,Baseline,0.1434
UK,Electricity,€/kWh,2036,Baseline,0.1463
UK,Electricity,€/kWh,2037,Baseline,0.1492
UK,Electricity,€/kWh,2038,Baseline,0.1522
UK,Electricity,€/kWh,2039,Baseline,0.1552
UK,Electricity,€/kWh,2040,Baseline,0.1583
UK,Electricity,€/kWh,2041,Baseline,0.1615
UK,Electricity,€/kWh,2042,Baseline,0.1647
UK,Electricity,€/kWh,2043,Baseline,0.168
UK,Electricity,€/kWh,2044,Baseline,0.1714
UK,Electricity,€/kWh,2045,Baseline,0.1748
UK,Electricity,€/kWh,2046,Baseline,0.1783
UK,Electricity,€/kWh,2047,Baseline,0.1819
UK,Electricity,€/kWh,2048,Baseline,0.1855
UK,Electricity,€/kWh,2049,Baseline,0.1892
UK,Electricity,€/kWh,2050,Baseline,0.193
UK,Electricity,€/kWh,2023,High Tax,0.1227
UK,Electricity,€/kWh,2024,High Tax,0.1277
UK,Electricity,€/kWh,2025,High Tax,0.1328
UK,Electricity,€/kWh,2026,High Tax,0.1381
UK,Electricity,€/kWh,2027,High Tax,0.1436
UK,Electricity,€/kWh,2028,High Tax,0.1493
UK,Electricity,€/kWh,2029,High Tax,0.1553
UK,Electricity,€/kWh,2030,High Tax,0.1615
UK,Electricity,€/kWh,2031,High Tax,0.168
UK,Electricity,€/kWh,2032,High Tax,0.1747
UK,Electricity,€/kWh,2033,High Tax,0.1817
UK,Electricity,€/kWh,2034,High Tax,0.189
UK,Electricity,€/kWh,2035,High Tax,0.1965
UK,Electricity,€/kWh,2036,High Tax,0.2044
UK,Electricity,€/kWh,2037,High Tax,0.2125
UK,Electricity,€/kWh,2038,High Tax,0.2211
UK,Electricity,€/kWh,2039,High Tax,0.2299
UK,Electricity,€/kWh,2040,High Tax,0.2391
UK,Electricity,€/kWh,2041,High Tax,0.2487
UK,Electricity,€/kWh,2042,High Tax,0.2586
UK,Electricity,€/kWh,2043,High Tax,0.2689
UK,Electricity,€/kWh,2044,High Tax,0.2797
UK,Electricity,€/kWh,2045,High Tax,0.2909
UK,Electricity,€/kWh,2046,High Tax,0.3025
UK,Electricity,€/kWh,2047,High Tax,0.3146
UK,Electricity,€/kWh,2048,High Tax,0.3272
UK,Electricity,€/kWh,2049,High Tax,0.3403
UK,Electricity,€/kWh,2050,High Tax,0.3539
UK,Electricity,€/kWh,2023,Decarbonized Grid,0.164
UK,Electricity,€/kWh,2024,Decarbonized Grid,0.1657
UK,Electricity,€/kWh,2025,Decarbonized Grid,0.1673
UK,Electricity,€/kWh,2026,Decarbonized Grid,0.169
UK,Electricity,€/kWh,2027,Decarbonized Grid,0.1707
UK,Electricity,€/kWh,2028,Decarbonized Grid,0.1724
UK,Electricity,€/kWh,2029,Decarbonized Grid,0.1741
UK,Electricity,€/kWh,2030,Decarbonized Grid,0.1759
UK,Electricity,€/kWh,2031,Decarbonized Grid,0.1776
UK,Electricity,€/kWh,2032,Decarbonized Grid,0.1794
UK,Electricity,€/kWh,2033,Decarbonized Grid,0.1812
UK,Electricity,€/kWh,2034,Decarbonized Grid,0.183
UK,Electricity,€/kWh,2035,Decarbonized Grid,0.1848
UK,Electricity,€/kWh,2036,Decarbonized Grid,0.1867
UK,Electricity,€/kWh,2037,Decarbonized Grid,0.1886
UK,Electricity,€/kWh,2038,Decarbonized Grid,0.1904
UK,Electricity,€/kWh,2039,Decarbonized Grid,0.1923
UK,Electricity,€/kWh,2040,Decarbonized Grid,0.1943
UK,Electricity,€/kWh,2041,Decarbonized Grid,0.1962
UK,Electricity,€/kWh,2042,Decarbonized Grid,0.1982
UK,Electricity,€/kWh,2043,Decarbonized Grid,0.2002
UK,Electricity,€/kWh,2044,Decarbonized Grid,0.2022
UK,Electricity,€/kWh,2045,Decarbonized Grid,0.2042
UK,Electricity,€/kWh,2046,Decarbonized Grid,0.2062
UK,Electricity,€/kWh,2047,Decarbonized Grid,0.2083
UK,Electricity,€/kWh,2048,Decarbonized Grid,0.2104
UK,Electricity,€/kWh,2049,Decarbonized Grid,0.2125
UK,Electricity,€/kWh,2050,Decarbonized Grid,0.2146
UK,Natural Gas,€/kWh,2023,Baseline,0.1377
UK,Natural Gas,€/kWh,2024,Baseline,0.1405
UK,Natural Gas,€/kWh,2025,Baseline,0.1433
UK,Natural Gas,€/kWh,2026,Baseline,0.1461
UK,Natural Gas,€/kWh,2027,Baseline,0.1491
UK,Natural Gas,€/kWh,2028,Baseline,0.1521
UK,Natural Gas,€/kWh,2029,Baseline,0.1551
UK,Natural Gas,€/kWh,2030,Baseline,0.1582
UK,Natural Gas,€/kWh,2031,Baseline,0.1614
UK,Natural Gas,€/kWh,2032,Baseline,0.1646
UK,Natural Gas,€/kWh,2033,Baseline,0.1679
UK,Natural Gas,€/kWh,2034,Baseline,0.1712
UK,Natural Gas,€/kWh,2035,Baseline,0.1747
UK,Natural Gas,€/kWh,2036,Baseline,0.1782
UK,Natural Gas,€/kWh,2037,Baseline,0.1817
UK,Natural Gas,€/kWh,2038,Baseline,0.1854
UK,Natural Gas,€/kWh,2039,Baseline,0.1891
UK,Natural Gas,€/kWh,2040,Baseline,0.1928
UK,Natural Gas,€/kWh,2041,Baseline,0.1967
UK,Natural Gas,€/kWh,2042,Baseline,0.2006
UK,Natural Gas,€/kWh,2043,Baseline,0.2046
UK,Natural Gas,€/kWh,2044,Baseline,0.2087
UK,Natural Gas,€/kWh,2045,Baseline,0.2129
UK,Natural Gas,€/kWh,2046,Baseline,0.2172
UK,Natural Gas,€/kWh,2047,Baseline,0.2215
UK,Natural Gas,€/kWh,2048,Baseline,0.2259
UK,Natural Gas,€/kWh,2049,Baseline,0.2305
UK,Natural Gas,€/kWh,2050,Baseline,0.2351
UK,Natural Gas,€/kWh,2023,High Tax,0.2477
UK,Natural Gas,€/kWh,2024,High Tax,0.2576
UK,Natural Gas,€/kWh,2025,High Tax,0.2679
UK,Natural Gas,€/kWh,2026,High Tax,0.2786
UK,Natural Gas,€/kWh,2027,High Tax,0.2897
UK,Natural Gas,€/kWh,2028,High Tax,0.3013
UK,Natural Gas,€/kWh,2029,High Tax,0.3134
UK,Natural Gas,€/kWh,2030,High Tax,0.3259
UK,Natural Gas,€/kWh,2031,High Tax,0.339
UK,Natural Gas,€/kWh,2032,High Tax,0.3525
UK,Natural Gas,€/kWh,2033,High Tax,0.3666
UK,Natural Gas,€/kWh,2034,High Tax,0.3813
UK,Natural Gas,€/kWh,2035,High Tax,0.3965
UK,Natural Gas,€/kWh,2036,High Tax,0.4124
UK,Natural Gas,€/kWh,2037,High Tax,0.4289
UK,Natural Gas,€/kWh,2038,High Tax,0.446
UK,Natural Gas,€/kWh,2039,High Tax,0.4639
UK,Natural Gas,€/kWh,2040,High Tax,0.4824
UK,Natural Gas,€/kWh,2041,High Tax,0.5017
UK,Natural Gas,€/kWh,2042,High Tax,0.5218
UK,Natural Gas,€/kWh,2043,High Tax,0.5427
UK,Natural Gas,€/kWh,2044,High Tax,0.5644
UK,Natural Gas,€/kWh,2045,High Tax,0.587
UK,Natural Gas,€/kWh,2046,High Tax,0.6104
UK,Natural Gas,€/kWh,2047,High Tax,0.6349
UK,Natural Gas,€/kWh,2048,High Tax,0.6603
UK,Natural Gas,€/kWh,2049,High Tax,0.6867
UK,Natural Gas,€/kWh,2050,High Tax,0.7141
UK,Natural Gas,€/kWh,2023,Decarbonized Grid,0.0704
UK,Natural Gas,€/kWh,2024,Decarbonized Grid,0.0711
UK,Natural Gas,€/kWh,2025,Decarbonized Grid,0.0718
UK,Natural Gas,€/kWh,2026,Decarbonized Grid,0.0725
UK,Natural Gas,€/kWh,2027,Decarbonized Grid,0.0733
UK,Natural Gas,€/kWh,2028,Decarbonized Grid,0.074
UK,Natural Gas,€/kWh,2029,Decarbonized Grid,0.0747
UK,Natural Gas,€/kWh,2030,Decarbonized Grid,0.0755
UK,Natural Gas,€/kWh,2031,Decarbonized Grid,0.0762
UK,Natural Gas,€/kWh,2032,Decarbonized Grid,0.077
UK,Natural Gas,€/kWh,2033,Decarbonized Grid,0.0778
UK,Natural Gas,€/kWh,2034,Decarbonized Grid,0.0786
UK,Natural Gas,€/kWh,2035,Decarbonized Grid,0.0793
UK,Natural Gas,€/kWh,2036,Decarbonized Grid,0.0801
UK,Natural Gas,€/kWh,2037,Decarbonized Grid,0.0809
UK,Natural Gas,€/kWh,2038,Decarbonized Grid,0.0817
UK,Natural Gas,€/kWh,2039,Decarbonized Grid,0.0826
UK,Natural Gas,€/kWh,2040,Decarbonized Grid,0.0834
UK,Natural Gas,€/kWh,2041,Decarbonized Grid,0.0842
UK,Natural Gas,€/kWh,2042,Decarbonized Grid,0.0851
UK,Natural Gas,€/kWh,2043,Decarbonized Grid,0.0859
UK,Natural Gas,€/kWh,2044,Decarbonized Grid,0.0868
UK,Natural Gas,€/kWh,2045,Decarbonized Grid,0.0876
UK,Natural Gas,€/kWh,2046,Decarbonized Grid,0.0885
UK,Natural Gas,€/kWh,2047,Decarbonized Grid,0.0894
UK,Natural Gas,€/kWh,2048,Decarbonized Grid,0.0903
UK,Natural Gas,€/kWh,2049,Decarbonized Grid,0.0912
UK,Natural Gas,€/kWh,2050,Decarbonized Grid,0.0921
UK,Heating Oil,€/kWh,2023,Baseline,0.0918
UK,Heating Oil,€/kWh,2024,Baseline,0.0936
UK,Heating Oil,€/kWh,2025,Baseline,0.0955
UK,Heating Oil,€/kWh,2026,Baseline,0.0974
UK,Heating Oil,€/kWh,2027,Baseline,0.0993
UK,Heating Oil,€/kWh,2028,Baseline,0.1013
UK,Heating Oil,€/kWh,2029,Baseline,0.1034
UK,Heating Oil,€/kWh,2030,Baseline,0.1054
UK,Heating Oil,€/kWh,2031,Baseline,0.1075
UK,Heating Oil,€/kWh,2032,Baseline,0.1097
UK,Heating Oil,€/kWh,2033,Baseline,0.1119
UK,Heating Oil,€/kWh,2034,Baseline,0.1141
UK,Heating Oil,€/kWh,2035,Baseline,0.1164
UK,Heating Oil,€/kWh,2036,Baseline,0.1187
UK,Heating Oil,€/kWh,2037,Baseline,0.1211
UK,Heating Oil,€/kWh,2038,Baseline,0.1235
UK,Heating Oil,€/kWh,2039,Baseline,0.126
UK,Heating Oil,€/kWh,2040,Baseline,0.1285
UK,Heating Oil,€/kWh,2041,Baseline,0.1311
UK,Heating Oil,€/kWh,2042,Baseline,0.1337
UK,Heating Oil,€/kWh,2043,Baseline,0.1364
UK,Heating Oil,€/kWh,2044,Baseline,0.1391
UK,Heating Oil,€/kWh,2045,Baseline,0.1419
UK,Heating Oil,€/kWh,2046,Baseline,0.1447
UK,Heating Oil,€/kWh,2047,Baseline,0.1476
UK,Heating Oil,€/kWh,2048,Baseline,0.1506
UK,Heating Oil,€/kWh,2049,Baseline,0.1536
UK,Heating Oil,€/kWh,2050,Baseline,0.1567
UK,Heating Oil,€/kWh,2023,High Tax,0.0823
UK,Heating Oil,€/kWh,2024,High Tax,0.0856
UK,Heating Oil,€/kWh,2025,High Tax,0.089
UK,Heating Oil,€/kWh,2026,High Tax,0.0925
UK,Heating Oil,€/kWh,2027,High Tax,0.0962
UK,Heating Oil,€/kWh,2028,High Tax,0.1001
UK,Heating Oil,€/kWh,2029,High Tax,0.1041
UK,Heating Oil,€/kWh,2030,High Tax,0.1083
UK,Heating Oil,€/kWh,2031,High Tax,0.1126
UK,Heating Oil,€/kWh,2032,High Tax,0.1171
UK,Heating Oil,€/kWh,2033,High Tax,0.1218
UK,Heating Oil,€/kWh,2034,High Tax,0.1266
UK,Heating Oil,€/kWh,2035,High Tax,0.1317
UK,Heating Oil,€/kWh,2036,High Tax,0.137
UK,Heating Oil,€/kWh,2037,High Tax,0.1425
UK,Heating Oil,€/kWh,2038,High Tax,0.1481
UK,Heating Oil,€/kWh,2039,High Tax,0.1541
UK,Heating Oil,€/kWh,2040,High Tax,0.1602
UK,Heating Oil,€/kWh,2041,High Tax,0.1666
UK,Heating Oil,€/kWh,2042,High Tax,0.1733
UK,Heating Oil,€/kWh,2043,High Tax,0.1802
UK,Heating Oil,€/kWh,2044,High Tax,0.1875
UK,Heating Oil,€/kWh,2045,High Tax,0.195
UK,Heating Oil,€/kWh,2046,High Tax,0.2028
UK,Heating Oil,€/kWh,2047,High Tax,0.2109
UK,Heating Oil,€/kWh,2048,High Tax,0.2193
UK,Heating Oil,€/kWh,2049,High Tax,0.2281
UK,Heating Oil,€/kWh,2050,High Tax,0.2372
UK,Heating Oil,€/kWh,2023,Decarbonized Grid,0.1806
UK,Heating Oil,€/kWh,2024,Decarbonized Grid,0.1824
UK,Heating Oil,€/kWh,2025,Decarbonized Grid,0.1843
UK,Heating Oil,€/kWh,2026,Decarbonized Grid,0.1861
UK,Heating Oil,€/kWh,2027,Decarbonized Grid,0.188
UK,Heating Oil,€/kWh,2028,Decarbonized Grid,0.1898
UK,Heating Oil,€/kWh,2029,Decarbonized Grid,0.1917
UK,Heating Oil,€/kWh,2030,Decarbonized Grid,0.1937
UK,Heating Oil,€/kWh,2031,Decarbonized Grid,0.1956
UK,Heating Oil,€/kWh,2032,Decarbonized Grid,0.1975
UK,Heating Oil,€/kWh,2033,Decarbonized Grid,0.1995
UK,Heating Oil,€/kWh,2034,Decarbonized Grid,0.2015
UK,Heating Oil,€/kWh,2035,Decarbonized Grid,0.2035
UK,Heating Oil,€/kWh,2036,Decarbonized Grid,0.2056
UK,Heating Oil,€/kWh,2037,Decarbonized Grid,0.2076
UK,Heating Oil,€/kWh,2038,Decarbonized Grid,0.2097
UK,Heating Oil,€/kWh,2039,Decarbonized Grid,0.2118
UK,Heating Oil,€/kWh,2040,Decarbonized Grid,0.2139
UK,Heating Oil,€/kWh,2041,Decarbonized Grid,0.2161
UK,Heating Oil,€/kWh,2042,Decarbonized Grid,0.2182
UK,Heating Oil,€/kWh,2043,Decarbonized Grid,0.2204
UK,Heating Oil,€/kWh,2044,Decarbonized Grid,0.2226
UK,Heating Oil,€/kWh,2045,Decarbonized Grid,0.2248
UK,Heating Oil,€/kWh,2046,Decarbonized Grid,0.2271
UK,Heating Oil,€/kWh,2047,Decarbonized Grid,0.2293
UK,Heating Oil,€/kWh,2048,Decarbonized Grid,0.2316
UK,Heating Oil,€/kWh,2049,Decarbonized Grid,0.234
UK,Heating Oil,€/kWh,2050,Decarbonized Grid,0.2363
UK,District Heating,€/kWh,2023,Baseline,0.1007
UK,District Heating,€/kWh,2024,Baseline,0.1027
UK,District Heating,€/kWh,2025,Baseline,0.1047
UK,District Heating,€/kWh,2026,Baseline,0.1068
UK,District Heating,€/kWh,2027,Baseline,0.109
UK,District Heating,€/kWh,2028,Baseline,0.1111
UK,District Heating,€/kWh,2029,Baseline,0.1134
UK,District Heating,€/kWh,2030,Baseline,0.1156
UK,District Heating,€/kWh,2031,Baseline,0.1179
UK,District Heating,€/kWh,2032,Baseline,0.1203
UK,District Heating,€/kWh,2033,Baseline,0.1227
UK,District Heating,€/kWh,2034,Baseline,0.1252
UK,District Heating,€/kWh,2035,Baseline,0.1277
UK,District Heating,€/kWh,2036,Baseline,0.1302
UK,District Heating,€/kWh,2037,Baseline,0.1328
UK,District Heating,€/kWh,2038,Baseline,0.1355
UK,District Heating,€/kWh,2039,Baseline,0.1382
UK,District Heating,€/kWh,2040,Baseline,0.1409
UK,District Heating,€/kWh,2041,Baseline,0.1438
UK,District Heating,€/kWh,2042,Baseline,0.1466
UK,District Heating,€/kWh,2043,Baseline,0.1496
UK,District Heating,€/kWh,2044,Baseline,0.1526
UK,District Heating,€/kWh,2045,Baseline,0.1556
UK,District Heating,€/kWh,2046,Baseline,0.1587
UK,District Heating,€/kWh,2047,Baseline,0.1619
UK,District Heating,€/kWh,2048,Baseline,0.1651
UK,District Heating,€/kWh,2049,Baseline,0.1684
UK,District Heating,€/kWh,2050,Baseline,0.1718
UK,District Heating,€/kWh,2023,High Tax,0.1433
UK,District Heating,€/kWh,2024,High Tax,0.149
UK,District Heating,€/kWh,2025,High Tax,0.155
UK,District Heating,€/kWh,2026,High Tax,0.1612
UK,District Heating,€/kWh,2027,High Tax,0.1676
UK,District Heating,€/kWh,2028,High Tax,0.1743
UK,District Heating,€/kWh,2029,High Tax,0.1813
UK,District Heating,€/kWh,2030,High Tax,0.1885
UK,District Heating,€/kWh,2031,High Tax,0.1961
UK,District Heating,€/kWh,2032,High Tax,0.2039
UK,District Heating,€/kWh,2033,High Tax,0.2121
UK,District Heating,€/kWh,2034,High Tax,0.2205
UK,District Heating,€/kWh,2035,High Tax,0.2294
UK,District Heating,€/kWh,2036,High Tax,0.2385
UK,District Heating,€/kWh,2037,High Tax,0.2481
UK,District Heating,€/kWh,2038,High Tax,0.258
UK,District Heating,€/kWh,2039,High Tax,0.2683
UK,District Heating,€/kWh,2040,High Tax,0.2791
UK,District Heating,€/kWh,2041,High Tax,0.2902
UK,District Heating,€/kWh,2042,High Tax,0.3018
UK,District Heating,€/kWh,2043,High Tax,0.3139
UK,District Heating,€/kWh,2044,High Tax,0.3265
UK,District Heating,€/kWh,2045,High Tax,0.3395
UK,District Heating,€/kWh,2046,High Tax,0.3531
UK,District Heating,€/kWh,2047,High Tax,0.3672
UK,District Heating,€/kWh,2048,High Tax,0.3819
UK,District Heating,€/kWh,2049,High Tax,0.3972
UK,District Heating,€/kWh,2050,High Tax,0.4131
UK,District Heating,€/kWh,2023,Decarbonized Grid,0.0989
UK,District Heating,€/kWh,2024,Decarbonized Grid,0.0999
UK,District Heating,€/kWh,2025,Decarbonized Grid,0.1009
UK,District Heating,€/kWh,2026,Decarbonized Grid,0.1019
UK,District Heating,€/kWh,2027,Decarbonized Grid,0.1029
UK,District Heating,€/kWh,2028,Decarbonized Grid,0.1039
UK,District Heating,€/kWh,2029,Decarbonized Grid,0.105
UK,District Heating,€/kWh,2030,Decarbonized Grid,0.106
UK,District Heating,€/kWh,2031,Decarbonized Grid,0.1071
UK,District Heating,€/kWh,2032,Decarbonized Grid,0.1081
UK,District Heating,€/kWh,2033,Decarbonized Grid,0.1092
UK,District Heating,€/kWh,2034,Decarbonized Grid,0.1103
UK,District Heating,€/kWh,2035,Decarbonized Grid,0.1114
UK,District Heating,€/kWh,2036,Decarbonized Grid,0.1125
UK,District Heating,€/kWh,2037,Decarbonized Grid,0.1137
UK,District Heating,€/kWh,2038,Decarbonized Grid,0.1148
UK,District Heating,€/kWh,2039,Decarbonized Grid,0.116
UK,District Heating,€/kWh,2040,Decarbonized Grid,0.1171
UK,District Heating,€/kWh,2041,Decarbonized Grid,0.1183
UK,District Heating,€/kWh,2042,Decarbonized Grid,0.1195
UK,District Heating,€/kWh,2043,Decarbonized Grid,0.1207
UK,District Heating,€/kWh,2044,Decarbonized Grid,0.1219
UK,District Heating,€/kWh,2045,Decarbonized Grid,0.1231
UK,District Heating,€/kWh,2046,Decarbonized Grid,0.1243
UK,District Heating,€/kWh,2047,Decarbonized Grid,0.1256
UK,District Heating,€/kWh,2048,Decarbonized Grid,0.1268
UK,District Heating,€/kWh,2049,Decarbonized Grid,0.1281
UK,District Heating,€/kWh,2050,Decarbonized Grid,0.1294
US,Electricity,€/kWh,2023,Baseline,0.0818
US,Electricity,€/kWh,2024,Baseline,0.0834
US,Electricity,€/kWh,2025,Baseline,0.0851
US,Electricity,€/kWh,2026,Baseline,0.0868
US,Electricity,€/kWh,2027,Baseline,0.0885
US,Electricity,€/kWh,2028,Baseline,0.0903
US,Electricity,€/kWh,2029,Baseline,0.0921
US,Electricity,€/kWh,2030,Baseline,0.094
US,Electricity,€/kWh,2031,Baseline,0.0958
US,Electricity,€/kWh,2032,Baseline,0.0978
US,Electricity,€/kWh,2033,Baseline,0.0997
US,Electricity,€/kWh,2034,Baseline,0.1017
US,Electricity,€/kWh,2035,Baseline,0.1037
US,Electricity,€/kWh,2036,Baseline,0.1058
US,Electricity,€/kWh,2037,Baseline,0.1079
US,Electricity,€/kWh,2038,Baseline,0.1101
US,Electricity,€/kWh,2039,Baseline,0.1123
US,Electricity,€/kWh,2040,Baseline,0.1145
US,Electricity,€/kWh,2041,Baseline,0.1168
US,Electricity,€/kWh,2042,Baseline,0.1192
US,Electricity,€/kWh,2043,Baseline,0.1215
US,Electricity,€/kWh,2044,Baseline,0.124
US,Electricity,€/kWh,2045,Baseline,0.1265
US,Electricity,€/kWh,2046,Baseline,0.129
US,Electricity,€/kWh,2047,Baseline,0.1316
US,Electricity,€/kWh,2048,Baseline,0.1342
US,Electricity,€/kWh,2049,Baseline,0.1369
US,Electricity,€/kWh,2050,Baseline,0.1396
US,Electricity,€/kWh,2023,High Tax,0.0721
US,Electricity,€/kWh,2024,High Tax,0.075
US,Electricity,€/kWh,2025,High Tax,0.078
US,Electricity,€/kWh,2026,High Tax,0.0811
US,Electricity,€/kWh,2027,High Tax,0.0843
US,Electricity,€/kWh,2028,High Tax,0.0877
US,Electricity,€/kWh,2029,High Tax,0.0912
US,Electricity,€/kWh,2030,High Tax,0.0948
US,Electricity,€/kWh,2031,High Tax,0.0986
US,Electricity,€/kWh,2032,High Tax,0.1026
US,Electricity,€/kWh,2033,High Tax,0.1067
US,Electricity,€/kWh,2034,High Tax,0.111
US,Electricity,€/kWh,2035,High Tax,0.1154
US,Electricity,€/kWh,2036,High Tax,0.12
US,Electricity,€/kWh,2037,High Tax,0.1248
US,Electricity,€/kWh,2038,High Tax,0.1298
US,Electricity,€/kWh,2039,High Tax,0.135
US,Electricity,€/kWh,2040,High Tax,0.1404
US,Electricity,€/kWh,2041,High Tax,0.146
US,Electricity,€/kWh,2042,High Tax,0.1519
US,Electricity,€/kWh,2043,High Tax,0.1579
US,Electricity,€/kWh,2044,High Tax,0.1642
US,Electricity,€/kWh,2045,High Tax,0.1708
US,Electricity,€/kWh,2046,High Tax,0.1776
US,Electricity,€/kWh,2047,High Tax,0.1848
US,Electricity,€/kWh,2048,High Tax,0.1921
US,Electricity,€/kWh,2049,High Tax,0.1998
US,Electricity,€/kWh,2050,High Tax,0.2078
US,Electricity,€/kWh,2023,Decarbonized Grid,0.1813
US,Electricity,€/kWh,2024,Decarbonized Grid,0.1831
US,Electricity,€/kWh,2025,Decarbonized Grid,0.1849
US,Electricity,€/kWh,2026,Decarbonized Grid,0.1868
US,Electricity,€/kWh,2027,Decarbonized Grid,0.1886
US,Electricity,€/kWh,2028,Decarbonized Grid,0.1905
US,Electricity,€/kWh,2029,Decarbonized Grid,0.1924
US,Electricity,€/kWh,2030,Decarbonized Grid,0.1943
US,Electricity,€/kWh,2031,Decarbonized Grid,0.1963
US,Electricity,€/kWh,2032,Decarbonized Grid,0.1982
US,Electricity,€/kWh,2033,Decarbonized Grid,0.2002
US,Electricity,€/kWh,2034,Decarbonized Grid,0.2022
US,Electricity,€/kWh,2035,Decarbonized Grid,0.2043
US,Electricity,€/kWh,2036,Decarbonized Grid,0.2063
US,Electricity,€/kWh,2037,Decarbonized Grid,0.2084
US,Electricity,€/kWh,2038,Decarbonized Grid,0.2104
US,Electricity,€/kWh,2039,Decarbonized Grid,0.2125
US,Electricity,€/kWh,2040,Decarbonized Grid,0.2147
US,Electricity,€/kWh,2041,Decarbonized Grid,0.2168
US,Electricity,€/kWh,2042,Decarbonized Grid,0.219
US,Electricity,€/kWh,2043,Decarbonized Grid,0.2212
US,Electricity,€/kWh,2044,Decarbonized Grid,0.2234
US,Electricity,€/kWh,2045,Decarbonized Grid,0.2256
US,Electricity,€/kWh,2046,Decarbonized Grid,0.2279
US,Electricity,€/kWh,2047,Decarbonized Grid,0.2302
US,Electricity,€/kWh,2048,Decarbonized Grid,0.2325
US,Electricity,€/kWh,2049,Decarbonized Grid,0.2348
US,Electricity,€/kWh,2050,Decarbonized Grid,0.2371
US,Natural Gas,€/kWh,2023,Baseline,0.0776
US,Natural Gas,€/kWh,2024,Baseline,0.0792
US,Natural Gas,€/kWh,2025,Baseline,0.0808
US,Natural Gas,€/kWh,2026,Baseline,0.0824
US,Natural Gas,€/kWh,2027,Baseline,0.084
US,Natural Gas,€/kWh,2028,Baseline,0.0857
US,Natural Gas,€/kWh,2029,Baseline,0.0874
US,Natural Gas,€/kWh,2030,Baseline,0.0892
US,Natural Gas,€/kWh,2031,Baseline,0.091
US,Natural Gas,€/kWh,2032,Baseline,0.0928
US,Natural Gas,€/kWh,2033,Baseline,0.0946
US,Natural Gas,€/kWh,2034,Baseline,0.0965
US,Natural Gas,€/kWh,2035,Baseline,0.0985
US,Natural Gas,€/kWh,2036,Baseline,0.1004
US,Natural Gas,€/kWh,2037,Baseline,0.1024
US,Natural Gas,€/kWh,2038,Baseline,0.1045
US,Natural Gas,€/kWh,2039,Baseline,0.1066
US,Natural Gas,€/kWh,2040,Baseline,0.1087
US,Natural Gas,€/kWh,2041,Baseline,0.1109
US,Natural Gas,€/kWh,2042,Baseline,0.1131
US,Natural Gas,€/kWh,2043,Baseline,0.1154
US,Natural Gas,€/kWh,2044,Baseline,0.1177
US,Natural Gas,€/kWh,2045,Baseline,0.12
US,Natural Gas,€/kWh,2046,Baseline,0.1224
US,Natural Gas,€/kWh,2047,Baseline,0.1249
US,Natural Gas,€/kWh,2048,Baseline,0.1274
US,Natural Gas,€/kWh,2049,Baseline,0.1299
US,Natural Gas,€/kWh,2050,Baseline,0.1325
US,Natural Gas,€/kWh,2023,High Tax,0.0893
US,Natural Gas,€/kWh,2024,High Tax,0.0929
US,Natural Gas,€/kWh,2025,High Tax,0.0966
US,Natural Gas,€/kWh,2026,High Tax,0.1005
US,Natural Gas,€/kWh,2027,High Tax,0.1045
US,Natural Gas,€/kWh,2028,High Tax,0.1087
US,Natural Gas,€/kWh,2029,High Tax,0.113
US,Natural Gas,€/kWh,2030,High Tax,0.1175
US,Natural Gas,€/kWh,2031,High Tax,0.1222
US,Natural Gas,€/kWh,2032,High Tax,0.1271
US,Natural Gas,€/kWh,2033,High Tax,0.1322
US,Natural Gas,€/kWh,2034,High Tax,0.1375
US,Natural Gas,€/kWh,2035,High Tax,0.143
US,Natural Gas,€/kWh,2036,High Tax,0.1487
US,Natural Gas,€/kWh,2037,High Tax,0.1547
US,Natural Gas,€/kWh,2038,High Tax,0.1609
US,Natural Gas,€/kWh,2039,High Tax,0.1673
US,Natural Gas,€/kWh,2040,High Tax,0.174
US,Natural Gas,€/kWh,2041,High Tax,0.1809
US,Natural Gas,€/kWh,2042,High Tax,0.1882
US,Natural Gas,€/kWh,2043,High Tax,0.1957
US,Natural Gas,€/kWh,2044,High Tax,0.2035
US,Natural Gas,€/kWh,2045,High Tax,0.2117
US,Natural Gas,€/kWh,2046,High Tax,0.2201
US,Natural Gas,€/kWh,2047,High Tax,0.2289
US,Natural Gas,€/kWh,2048,High Tax,0.2381
US,Natural Gas,€/kWh,2049,High Tax,0.2476
US,Natural Gas,€/kWh,2050,High Tax,0.2575
US,Natural Gas,€/kWh,2023,Decarbonized Grid,0.1237
US,Natural Gas,€/kWh,2024,Decarbonized Grid,0.125
US,Natural Gas,€/kWh,2025,Decarbonized Grid,0.1262
US,Natural Gas,€/kWh,2026,Decarbonized Grid,0.1275
US,Natural Gas,€/kWh,2027,Decarbonized Grid,0.1288
US,Natural Gas,€/kWh,2028,Decarbonized Grid,0.1301
US,Natural Gas,€/kWh,2029,Decarbonized Grid,0.1314
US,Natural Gas,€/kWh,2030,Decarbonized Grid,0.1327
US,Natural Gas,€/kWh,2031,Decarbonized Grid,0.134
US,Natural Gas,€/kWh,2032,Decarbonized Grid,0.1353
US,Natural Gas,€/kWh,2033,Decarbonized Grid,0.1367
US,Natural Gas,€/kWh,2034,Decarbonized Grid,0.1381
US,Natural Gas,€/kWh,2035,Decarbonized Grid,0.1394
US,Natural Gas,€/kWh,2036,Decarbonized Grid,0.1408
US,Natural Gas,€/kWh,2037,Decarbonized Grid,0.1422
US,Natural Gas,€/kWh,2038,Decarbonized Grid,0.1437
US,Natural Gas,€/kWh,2039,Decarbonized Grid,0.1451
US,Natural Gas,€/kWh,2040,Decarbonized Grid,0.1466
US,Natural Gas,€/kWh,2041,Decarbonized Grid,0.148
US,Natural Gas,€/kWh,2042,Decarbonized Grid,0.1495
US,Natural Gas,€/kWh,2043,Decarbonized Grid,0.151
US,Natural Gas,€/kWh,2044,Decarbonized Grid,0.1525
US,Natural Gas,€/kWh,2045,Decarbonized Grid,0.154
US,Natural Gas,€/kWh,2046,Decarbonized Grid,0.1556
US,Natural Gas,€/kWh,2047,Decarbonized Grid,0.1571
US,Natural Gas,€/kWh,2048,Decarbonized Grid,0.1587
US,Natural Gas,€/kWh,2049,Decarbonized Grid,0.1603
US,Natural Gas,€/kWh,2050,Decarbonized Grid,0.1619
US,Heating Oil,€/kWh,2023,Baseline,0.2142
US,Heating Oil,€/kWh,2024,Baseline,0.2185
US,Heating Oil,€/kWh,2025,Baseline,0.2229
US,Heating Oil,€/kWh,2026,Baseline,0.2273
US,Heating Oil,€/kWh,2027,Baseline,0.2319
US,Heating Oil,€/kWh,2028,Baseline,0.2365
US,Heating Oil,€/kWh,2029,Baseline,0.2412
US,Heating Oil,€/kWh,2030,Baseline,0.246
US,Heating Oil,€/kWh,2031,Baseline,0.251
US,Heating Oil,€/kWh,2032,Baseline,0.256
US,Heating Oil,€/kWh,2033,Baseline,0.2611
US,Heating Oil,€/kWh,2034,Baseline,0.2663
US,Heating Oil,€/kWh,2035,Baseline,0.2717
US,Heating Oil,€/kWh,2036,Baseline,0.2771
US,Heating Oil,€/kWh,2037,Baseline,0.2826
US,Heating Oil,€/kWh,2038,Baseline,0.2883
US,Heating Oil,€/kWh,2039,Baseline,0.294
US,Heating Oil,€/kWh,2040,Baseline,0.2999
US,Heating Oil,€/kWh,2041,Baseline,0.3059
US,Heating Oil,€/kWh,2042,Baseline,0.312
US,Heating Oil,€/kWh,2043,Baseline,0.3183
US,Heating Oil,€/kWh,2044,Baseline,0.3247
US,Heating Oil,€/kWh,2045,Baseline,0.3311
US,Heating Oil,€/kWh,2046,Baseline,0.3378
US,Heating Oil,€/kWh,2047,Baseline,0.3445
US,Heating Oil,€/kWh,2048,Baseline,0.3514
US,Heating Oil,€/kWh,2049,Baseline,0.3584
US,Heating Oil,€/kWh,2050,Baseline,0.3656
US,Heating Oil,€/kWh,2023,High Tax,0.0694
US,Heating Oil,€/kWh,2024,High Tax,0.0722
US,Heating Oil,€/kWh,2025,High Tax,0.0751
US,Heating Oil,€/kWh,2026,High Tax,0.0781
US,Heating Oil,€/kWh,2027,High Tax,0.0812
US,Heating Oil,€/kWh,2028,High Tax,0.0845
US,Heating Oil,€/kWh,2029,High Tax,0.0878
US,Heating Oil,€/kWh,2030,High Tax,0.0914
US,Heating Oil,€/kWh,2031,High Tax,0.095
US,Heating Oil,€/kWh,2032,High Tax,0.0988
US,Heating Oil,€/kWh,2033,High Tax,0.1028
US,Heating Oil,€/kWh,2034,High Tax,0.1069
US,Heating Oil,€/kWh,2035,High Tax,0.1111
US,Heating Oil,€/kWh,2036,High Tax,0.1156
US,Heating Oil,€/kWh,2037,High Tax,0.1202
US,Heating Oil,€/kWh,2038,High Tax,0.125
US,Heating Oil,€/kWh,2039,High Tax,0.13
US,Heating Oil,€/kWh,2040,High Tax,0.1352
US,Heating Oil,€/kWh,2041,High Tax,0.1406
US,Heating Oil,€/kWh,2042,High Tax,0.1463
US,Heating Oil,€/kWh,2043,High Tax,0.1521
US,Heating Oil,€/kWh,2044,High Tax,0.1582
US,Heating Oil,€/kWh,2045,High Tax,0.1645
US,Heating Oil,€/kWh,2046,High Tax,0.1711
US,Heating Oil,€/kWh,2047,High Tax,0.1779
US,Heating Oil,€/kWh,2048,High Tax,0.1851
US,Heating Oil,€/kWh,2049,High Tax,0.1925
US,Heating Oil,€/kWh,2050,High Tax,0.2002
US,Heating Oil,€/kWh,2023,Decarbonized Grid,0.2176
US,Heating Oil,€/kWh,2024,Decarbonized Grid,0.2198
US,Heating Oil,€/kWh,2025,Decarbonized Grid,0.222
US,Heating Oil,€/kWh,2026,Decarbonized Grid,0.2242
US,Heating Oil,€/kWh,2027,Decarbonized Grid,0.2264
US,Heating Oil,€/kWh,2028,Decarbonized Grid,0.2287
US,Heating Oil,€/kWh,2029,Decarbonized Grid,0.231
US,Heating Oil,€/kWh,2030,Decarbonized Grid,0.2333
US,Heating Oil,€/kWh,2031,Decarbonized Grid,0.2356
US,Heating Oil,€/kWh,2032,Decarbonized Grid,0.238
US,Heating Oil,€/kWh,2033,Decarbonized Grid,0.2404
US,Heating Oil,€/kWh,2034,Decarbonized Grid,0.2428
US,Heating Oil,€/kWh,2035,Decarbonized Grid,0.2452
US,Heating Oil,€/kWh,2036,Decarbonized Grid,0.2476
US,Heating Oil,€/kWh,2037,Decarbonized Grid,0.2501
US,Heating Oil,€/kWh,2038,Decarbonized Grid,0.2526
US,Heating Oil,€/kWh,2039,Decarbonized Grid,0.2551
US,Heating Oil,€/kWh,2040,Decarbonized Grid,0.2577
US,Heating Oil,€/kWh,2041,Decarbonized Grid,0.2603
US,Heating Oil,€/kWh,2042,Decarbonized Grid,0.2629
US,Heating Oil,€/kWh,2043,Decarbonized Grid,0.2655
US,Heating Oil,€/kWh,2044,Decarbonized Grid,0.2682
US,Heating Oil,€/kWh,2045,Decarbonized Grid,0.2708
US,Heating Oil,€/kWh,2046,Decarbonized Grid,0.2735
US,Heating Oil,€/kWh,2047,Decarbonized Grid,0.2763
US,Heating Oil,€/kWh,2048,Decarbonized Grid,0.279
US,Heating Oil,€/kWh,2049,Decarbonized Grid,0.2818
US,Heating Oil,€/kWh,2050,Decarbonized Grid,0.2847
US,District Heating,€/kWh,2023,Baseline,0.0692
US,District Heating,€/kWh,2024,Baseline,0.0706
US,District Heating,€/kWh,2025,Baseline,0.072
US,District Heating,€/kWh,2026,Baseline,0.0735
US,District Heating,€/kWh,2027,Baseline,0.0749
US,District Heating,€/kWh,2028,Baseline,0.0764
US,District Heating,€/kWh,2029,Baseline,0.078
US,District Heating,€/kWh,2030,Baseline,0.0795
US,District Heating,€/kWh,2031,Baseline,0.0811
US,District Heating,€/kWh,2032,Baseline,0.0827
US,District Heating,€/kWh,2033,Baseline,0.0844
US,District Heating,€/kWh,2034,Baseline,0.0861
US,District Heating,€/kWh,2035,Baseline,0.0878
US,District Heating,€/kWh,2036,Baseline,0.0895
US,District Heating,€/kWh,2037,Baseline,0.0913
US,District Heating,€/kWh,2038,Baseline,0.0932
US,District Heating,€/kWh,2039,Baseline,0.095
US,District Heating,€/kWh,2040,Baseline,0.0969
US,District Heating,€/kWh,2041,Baseline,0.0989
US,District Heating,€/kWh,2042,Baseline,0.1008
US,District Heating,€/kWh,2043,Baseline,0.1029
US,District Heating,€/kWh,2044,Baseline,0.1049
US,District Heating,€/kWh,2045,Baseline,0.107
US,District Heating,€/kWh,2046,Baseline,0.1092
US,District Heating,€/kWh,2047,Baseline,0.1113
US,District Heating,€/kWh,2048,Baseline,0.1136
US,District Heating,€/kWh,2049,Baseline,0.1158
US,District Heating,€/kWh,2050,Baseline,0.1182
US,District Heating,€/kWh,2023,High Tax,0.2453
US,District Heating,€/kWh,2024,High Tax,0.2551
US,District Heating,€/kWh,2025,High Tax,0.2653
US,District Heating,€/kWh,2026,High Tax,0.2759
US,District Heating,€/kWh,2027,High Tax,0.287
US,District Heating,€/kWh,2028,High Tax,0.2984
US,District Heating,€/kWh,2029,High Tax,0.3104
US,District Heating,€/kWh,2030,High Tax,0.3228
US,District Heating,€/kWh,2031,High Tax,0.3357
US,District Heating,€/kWh,2032,High Tax,0.3491
US,District Heating,€/kWh,2033,High Tax,0.3631
US,District Heating,€/kWh,2034,High Tax,0.3776
US,District Heating,€/kWh,2035,High Tax,0.3927
US,District Heating,€/kWh,2036,High Tax,0.4084
US,District Heating,€/kWh,2037,High Tax,0.4248
US,District Heating,€/kWh,2038,High Tax,0.4418
US,District Heating,€/kWh,2039,High Tax,0.4594
US,District Heating,€/kWh,2040,High Tax,0.4778
US,District Heating,€/kWh,2041,High Tax,0.4969
US,District Heating,€/kWh,2042,High Tax,0.5168
US,District Heating,€/kWh,2043,High Tax,0.5375
US,District Heating,€/kWh,2044,High Tax,0.559
US,District Heating,€/kWh,2045,High Tax,0.5813
US,District Heating,€/kWh,2046,High Tax,0.6046
US,District Heating,€/kWh,2047,High Tax,0.6288
US,District Heating,€/kWh,2048,High Tax,0.6539
US,District Heating,€/kWh,2049,High Tax,0.6801
US,District Heating,€/kWh,2050,High Tax,0.7073
US,District Heating,€/kWh,2023,Decarbonized Grid,0.1437
US,District Heating,€/kWh,2024,Decarbonized Grid,0.1452
US,District Heating,€/kWh,2025,Decarbonized Grid,0.1466
US,District Heating,€/kWh,2026,Decarbonized Grid,0.1481
US,District Heating,€/kWh,2027,Decarbonized Grid,0.1496
US,District Heating,€/kWh,2028,Decarbonized Grid,0.1511
US,District Heating,€/kWh,2029,Decarbonized Grid,0.1526
US,District Heating,€/kWh,2030,Decarbonized Grid,0.1541
US,District Heating,€/kWh,2031,Decarbonized Grid,0.1556
US,District Heating,€/kWh,2032,Decarbonized Grid,0.1572
US,District Heating,€/kWh,2033,Decarbonized Grid,0.1588
US,District Heating,€/kWh,2034,Decarbonized Grid,0.1604
US,District Heating,€/kWh,2035,Decarbonized Grid,0.162
US,District Heating,€/kWh,2036,Decarbonized Grid,0.1636
US,District Heating,€/kWh,2037,Decarbonized Grid,0.1652
US,District Heating,€/kWh,2038,Decarbonized Grid,0.1669
US,District Heating,€/kWh,2039,Decarbonized Grid,0.1685
US,District Heating,€/kWh,2040,Decarbonized Grid,0.1702
US,District Heating,€/kWh,2041,Decarbonized Grid,0.1719
US,District Heating,€/kWh,2042,Decarbonized Grid,0.1736
US,District Heating,€/kWh,2043,Decarbonized Grid,0.1754
US,District Heating,€/kWh,2044,Decarbonized Grid,0.1771
US,District Heating,€/kWh,2045,Decarbonized Grid,0.1789
US,District Heating,€/kWh,2046,Decarbonized Grid,0.1807
US,District Heating,€/kWh,2047,Decarbonized Grid,0.1825
US,District Heating,€/kWh,2048,Decarbonized Grid,0.1843
US,District Heating,€/kWh,2049,Decarbonized Grid,0.1862
US,District Heating,€/kWh,2050,Decarbonized Grid,0.188
